/*
SQLyog Ultimate v12.09 (64 bit)
MySQL - 10.4.11-MariaDB : Database - vue_shop
*********************************************************************
*/

/*!40101 SET NAMES utf8 */;

/*!40101 SET SQL_MODE=''*/;

/*!40014 SET @OLD_UNIQUE_CHECKS=@@UNIQUE_CHECKS, UNIQUE_CHECKS=0 */;
/*!40014 SET @OLD_FOREIGN_KEY_CHECKS=@@FOREIGN_KEY_CHECKS, FOREIGN_KEY_CHECKS=0 */;
/*!40101 SET @OLD_SQL_MODE=@@SQL_MODE, SQL_MODE='NO_AUTO_VALUE_ON_ZERO' */;
/*!40111 SET @OLD_SQL_NOTES=@@SQL_NOTES, SQL_NOTES=0 */;
CREATE DATABASE /*!32312 IF NOT EXISTS*/`vue_shop` /*!40100 DEFAULT CHARACTER SET utf8mb4 */;

USE `vue_shop`;

/*Table structure for table `address` */

DROP TABLE IF EXISTS `address`;

CREATE TABLE `address` (
  `id` int(11) NOT NULL AUTO_INCREMENT,
  `uid` int(11) NOT NULL,
  `name` varchar(200) NOT NULL,
  `tel` varchar(200) NOT NULL,
  `province` varchar(200) NOT NULL,
  `city` varchar(200) NOT NULL,
  `county` varchar(200) NOT NULL,
  `addressDetail` varchar(200) NOT NULL,
  `isDefault` varchar(50) NOT NULL,
  `areaCode` varchar(200) NOT NULL,
  PRIMARY KEY (`id`)
) ENGINE=InnoDB AUTO_INCREMENT=37 DEFAULT CHARSET=utf8mb4;

/*Data for the table `address` */

insert  into `address`(`id`,`uid`,`name`,`tel`,`province`,`city`,`county`,`addressDetail`,`isDefault`,`areaCode`) values (7,8,'测试地址1','13144274876','广东省','广州市','白云区','测试地址2','0','440111'),(9,6,'孙七','13144274877','天津市','天津市','塘沽区','测试地址1','1','120101'),(10,6,'孙七','13144274877','北京市','北京市','东城区','测试地址2','0','110101'),(13,11,'也是','13344454512','北京市','北京市','东城区','与','1','110101'),(25,13,'测试1','13144274876','北京市','北京市','西城区','123','1','110102'),(28,12,'-1','11111111111','北京市','北京市','东城区','    s','0','110101'),(29,12,' f','11111111111','北京市','北京市','东城区','x','0','110101'),(30,16,'????????????????','13625632568','北京市','北京市','东城区','单身????','0','110101'),(31,17,'验证码','13313313133','北京市','北京市','东城区','我摸','1','110101'),(32,18,'测试','14741258580','浙江省','宁波市','镇海区','方糕','1','330211'),(33,7,'测试','12345678999','山东省','济南市','历下区','1','1','370102'),(34,30,'11','11111111111','北京市','北京市','东城区','低调低调','1','110101'),(35,28,'测试','12346578999','福建省','福州市','鼓楼区','123','1','350102'),(36,31,'李大饼','12312312312','北京市','北京市','东城区','广东机电职业技术学院','1','110101');

/*Table structure for table `border_list` */

DROP TABLE IF EXISTS `border_list`;

CREATE TABLE `border_list` (
  `id` int(11) NOT NULL AUTO_INCREMENT,
  `name` varchar(255) NOT NULL,
  `imgUrl` varchar(255) NOT NULL,
  PRIMARY KEY (`id`)
) ENGINE=InnoDB AUTO_INCREMENT=26 DEFAULT CHARSET=utf8mb4;

/*Data for the table `border_list` */

insert  into `border_list`(`id`,`name`,`imgUrl`) values (1,'默认','/images/headerBorder/border1.png'),(2,'百鬼之主','/images/headerBorder/border2.png'),(3,'京都名士','/images/headerBorder/border3.png'),(4,'头像框4','/images/headerBorder/border4.png'),(5,'头像框5','/images/headerBorder/border5.png'),(6,'头像框6','/images/headerBorder/border6.png'),(7,'头像框7','/images/headerBorder/border7.png'),(8,'头像框8','/images/headerBorder/border8.png'),(9,'头像框9','/images/headerBorder/border9.png'),(10,'头像框10','/images/headerBorder/border10.png'),(11,'头像框11','/images/headerBorder/border11.png'),(12,'头像框12','/images/headerBorder/border12.png'),(13,'头像框13','/images/headerBorder/border13.png'),(14,'头像框14','/images/headerBorder/border14.png'),(15,'麟角虎翅','/images/headerBorder/border15.png'),(16,'头像框16','/images/headerBorder/border16.png'),(17,'头像框17','/images/headerBorder/border17.png'),(18,'头像框18','/images/headerBorder/border18.png'),(19,'头像框19','/images/headerBorder/border19.png'),(20,'头像框20','/images/headerBorder/border20.png'),(21,'头像框21','/images/headerBorder/border21.png'),(22,'月度会员','/images/headerBorder/vip1.png'),(23,'季度会员','/images/headerBorder/vip2.png'),(24,'年度会员','/images/headerBorder/vip3.png'),(25,'京都之主','/images/headerBorder/jdzz.png');

/*Table structure for table `cdk_list` */

DROP TABLE IF EXISTS `cdk_list`;

CREATE TABLE `cdk_list` (
  `id` int(11) NOT NULL AUTO_INCREMENT,
  `cdkey` varchar(255) NOT NULL COMMENT '兑换码',
  `reward` varchar(255) NOT NULL COMMENT '奖励',
  `count` int(11) NOT NULL COMMENT '奖励数量',
  `type` varchar(255) NOT NULL COMMENT '奖励对应的类型',
  PRIMARY KEY (`id`)
) ENGINE=InnoDB AUTO_INCREMENT=8 DEFAULT CHARSET=utf8mb4;

/*Data for the table `cdk_list` */

insert  into `cdk_list`(`id`,`cdkey`,`reward`,`count`,`type`) values (1,'JIUHU2022','15',2,'头像框'),(2,'JIUHU','16,10',9991,'头像框,积分'),(7,'JINGDUZHIZHU666','25',0,'头像框');

/*Table structure for table `coupon_list` */

DROP TABLE IF EXISTS `coupon_list`;

CREATE TABLE `coupon_list` (
  `id` int(11) NOT NULL AUTO_INCREMENT,
  `name` varchar(255) NOT NULL COMMENT '优惠券名称',
  `price` int(11) NOT NULL COMMENT '优惠券金额or折扣，单位分或几折',
  `condition` int(11) NOT NULL COMMENT '条件，单位分',
  `unitDesc` varchar(255) NOT NULL COMMENT '单位，元or折扣',
  `maxDiscont` int(11) DEFAULT NULL COMMENT '打折最多减几元',
  PRIMARY KEY (`id`)
) ENGINE=InnoDB AUTO_INCREMENT=4 DEFAULT CHARSET=utf8mb4;

/*Data for the table `coupon_list` */

insert  into `coupon_list`(`id`,`name`,`price`,`condition`,`unitDesc`,`maxDiscont`) values (1,'1元优惠券',100,110,'元',NULL),(2,'新人8折优惠券',8,1000,'折',20),(3,'新人5元优惠券',500,0,'元',NULL);

/*Table structure for table `goods_cart` */

DROP TABLE IF EXISTS `goods_cart`;

CREATE TABLE `goods_cart` (
  `id` int(11) NOT NULL AUTO_INCREMENT,
  `uid` int(11) NOT NULL,
  `goods_id` int(11) NOT NULL,
  `goods_name` varchar(200) NOT NULL,
  `goods_price` double NOT NULL,
  `goods_num` int(11) NOT NULL,
  `goods_imgUrl` varchar(200) NOT NULL,
  PRIMARY KEY (`id`)
) ENGINE=InnoDB AUTO_INCREMENT=147 DEFAULT CHARSET=utf8mb4;

/*Data for the table `goods_cart` */

insert  into `goods_cart`(`id`,`uid`,`goods_id`,`goods_name`,`goods_price`,`goods_num`,`goods_imgUrl`) values (51,6,6,'高山流水陶瓷旅行茶具',168,1,'/images/goods6.jpeg'),(95,9,3,'黄山太平猴魁绿茶1号',99,1,'/images/goods/goods3.jpeg'),(98,8,9,'2016白毫银针巧克力茶砖',98,1,'/images/goods/goods9.jpeg'),(108,11,19,'竹制茶勺',15,9,'/images/goods/goods19.jpeg'),(114,15,16,'制茶师大赛获奖大红袍',178,2147483647,'/images/goods/goods16.jpeg'),(115,13,1,'浅尝-金牡丹（武夷岩茶）',14.6,1,'/images/goods/goods1.jpeg'),(141,28,3,'黄山太平猴魁绿茶1号',99,1,'/images/goods/goods3.jpeg'),(142,7,5,'黑金茶具套装',458,1,'/images/goods/goods5.jpeg'),(143,2,28,'2018年花香贡眉白龙珠',128,1,'/images/goods/goods28.jpeg'),(144,29,9,'2016白毫银针巧克力茶砖',98,1,'/images/goods/goods9.jpeg');

/*Table structure for table `goods_list` */

DROP TABLE IF EXISTS `goods_list`;

CREATE TABLE `goods_list` (
  `id` int(11) NOT NULL AUTO_INCREMENT,
  `name` varchar(200) DEFAULT NULL,
  `content` varchar(200) DEFAULT NULL,
  `price` double DEFAULT NULL,
  `num` int(11) DEFAULT NULL,
  `imgUrl` varchar(200) DEFAULT NULL,
  `complete` varchar(200) DEFAULT NULL,
  PRIMARY KEY (`id`),
  KEY `id` (`id`)
) ENGINE=InnoDB AUTO_INCREMENT=30 DEFAULT CHARSET=utf8mb4;

/*Data for the table `goods_list` */

insert  into `goods_list`(`id`,`name`,`content`,`price`,`num`,`imgUrl`,`complete`) values (1,'浅尝-金牡丹（武夷岩茶）',NULL,14.6,0,'/images/goods/goods1.jpeg',NULL),(2,'2016南糯山古树普洱生茶',NULL,98,0,'/images/goods/goods2.jpeg',NULL),(3,'黄山太平猴魁绿茶1号',NULL,99,0,'/images/goods/goods3.jpeg',NULL),(4,'绿茶-无瑕黄金芽礼盒',NULL,188,4,'/images/goods/goods4.jpeg',NULL),(5,'黑金茶具套装',NULL,458,0,'/images/goods/goods5.jpeg',NULL),(6,'高山流水陶瓷旅行茶具',NULL,168,0,'/images/goods/goods6.jpeg',NULL),(7,'金油滴建盏',NULL,298,1,'/images/goods/goods7.jpeg',NULL),(8,'浅尝-白牡丹',NULL,6.6,0,'/images/goods/goods8.jpeg',NULL),(9,'2016白毫银针巧克力茶砖',NULL,98,1,'/images/goods/goods9.jpeg',NULL),(10,'云南凤庆经典蜜香滇红','外形讨喜  甘甜可口',88,0,'/images/goods/goods10.jpeg',NULL),(11,'传统工艺茉莉花茶-春毫',NULL,68,0,'/images/goods/goods11.jpeg',NULL),(12,'笔花堂桐木关金骏眉',NULL,794,1,'/images/goods/goods12.jpeg',NULL),(13,'林沧淇白水兰香铁观音',NULL,118,2,'/images/goods/goods13.jpeg',NULL),(14,'【品种】白茶习茶系列 · 入门（三）',NULL,39,0,'/images/goods/goods14.jpeg',NULL),(15,'【年份】白茶习茶系列 · 入门（二）',NULL,39,0,'/images/goods/goods15.jpeg',NULL),(16,'制茶师大赛获奖大红袍',NULL,178,0,'/images/goods/goods16.jpeg',NULL),(17,'华态五虎奇茗岩茶组合礼',NULL,1666.5,0,'/images/goods/goods17.jpeg',NULL),(18,'莫等闲壹罐茶武夷大红袍',NULL,96,0,'/images/goods/goods18.jpeg',NULL),(19,'竹制茶勺',NULL,15,0,'/images/goods/goods19.jpeg',NULL),(20,'锡合金铜制茶则茶勺',NULL,25,0,'/images/goods/goods20.jpeg',NULL),(21,'黄山谷雨前六安瓜片',NULL,58,0,'/images/goods/goods21.jpeg',NULL),(22,'正宗明前芽头鲜嫩雀舌',NULL,108,0,'/images/goods/goods22.jpeg',NULL),(23,'四川雅安初采青针雀舌',NULL,198,1,'/images/goods/goods23.jpeg',NULL),(24,'消青工艺浓香铁观音1号',NULL,128,0,'/images/goods/goods24.jpeg',NULL),(25,'2017福鼎高山枣香老贡眉',NULL,118,0,'/images/goods/goods25.jpeg',NULL),(26,'新会小青柑普洱铁罐装',NULL,168,0,'/images/goods/goods26.jpeg',NULL),(27,'武夷山灰芽花香金骏眉3号',NULL,128,0,'/images/goods/goods27.jpeg',NULL),(28,'2018年花香贡眉白龙珠',NULL,128,0,'/images/goods/goods28.jpeg',NULL),(29,'建阳红色芝麻毫建盏茶具',NULL,399,0,'/images/goods/goods29.jpeg',NULL);

/*Table structure for table `history` */

DROP TABLE IF EXISTS `history`;

CREATE TABLE `history` (
  `id` int(11) NOT NULL AUTO_INCREMENT,
  `uid` int(11) NOT NULL,
  `goods_id` int(11) NOT NULL,
  `goods_name` varchar(255) NOT NULL,
  `goods_price` double NOT NULL,
  `imgUrl` varchar(255) NOT NULL,
  `history_time` varchar(255) NOT NULL,
  PRIMARY KEY (`id`)
) ENGINE=InnoDB AUTO_INCREMENT=260 DEFAULT CHARSET=utf8mb4;

/*Data for the table `history` */

insert  into `history`(`id`,`uid`,`goods_id`,`goods_name`,`goods_price`,`imgUrl`,`history_time`) values (1,8,1,'浅尝-金牡丹（武夷岩茶）',14.6,'/images/goods/goods1.jpeg','2022-03-27'),(2,8,2,'2016南糯山古树普洱生茶',98,'/images/goods/goods2.jpeg','2022-03-27'),(4,8,4,'绿茶-无瑕黄金芽礼盒',188,'/images/goods/goods4.jpeg','2022-03-27'),(5,8,5,'黑金茶具套装',456,'/images/goods/goods5.jpeg','2022-03-27'),(8,8,22,'正宗明前芽头鲜嫩雀舌',108,'/images/goods/goods22.jpeg','2022-03-27'),(10,8,18,'莫等闲壹罐茶武夷大红袍',96,'/images/goods/goods18.jpeg','2022-03-27'),(11,8,3,'黄山太平猴魁绿茶1号',99,'/images/goods/goods3.jpeg','2022-03-27'),(12,8,1,'浅尝-金牡丹（武夷岩茶）',14.6,'/images/goods/goods1.jpeg','2022-03-27'),(13,8,4,'绿茶-无瑕黄金芽礼盒',188,'/images/goods/goods4.jpeg','2022-03-27'),(14,8,20,'锡合金铜制茶则茶勺',25,'/images/goods/goods20.jpeg','2022-03-27'),(15,8,22,'正宗明前芽头鲜嫩雀舌',108,'/images/goods/goods22.jpeg','2022-03-27'),(16,8,21,'黄山谷雨前六安瓜片',58,'/images/goods/goods21.jpeg','2022-03-28'),(17,8,1,'浅尝-金牡丹（武夷岩茶）',14.6,'/images/goods/goods1.jpeg','2022-03-28'),(18,8,16,'制茶师大赛获奖大红袍',178,'/images/goods/goods16.jpeg','2022-03-28'),(19,8,14,'【品种】白茶习茶系列 · 入门（三）',39,'/images/goods/goods14.jpeg','2022-03-29'),(20,7,16,'制茶师大赛获奖大红袍',178,'/images/goods/goods16.jpeg','2022-03-29'),(21,7,15,'【年份】白茶习茶系列 · 入门（二）',39,'/images/goods/goods15.jpeg','2022-03-29'),(22,7,1,'浅尝-金牡丹（武夷岩茶）',14.6,'/images/goods/goods1.jpeg','2022-03-29'),(23,7,5,'黑金茶具套装',458,'/images/goods/goods5.jpeg','2022-03-29'),(24,7,14,'【品种】白茶习茶系列 · 入门（三）',39,'/images/goods/goods14.jpeg','2022-03-29'),(25,7,9,'2016白毫银针巧克力茶砖',98,'/images/goods/goods9.jpeg','2022-03-29'),(26,7,22,'正宗明前芽头鲜嫩雀舌',108,'/images/goods/goods22.jpeg','2022-03-29'),(27,7,3,'黄山太平猴魁绿茶1号',99,'/images/goods/goods3.jpeg','2022-03-29'),(28,11,7,'金油滴建盏',298,'/images/goods/goods7.jpeg','2022-03-30'),(29,11,1,'浅尝-金牡丹（武夷岩茶）',14.6,'/images/goods/goods1.jpeg','2022-03-30'),(30,11,18,'莫等闲壹罐茶武夷大红袍',96,'/images/goods/goods18.jpeg','2022-03-30'),(31,11,17,'华态五虎奇茗岩茶组合礼',1666.5,'/images/goods/goods17.jpeg','2022-03-30'),(32,11,9,'2016白毫银针巧克力茶砖',98,'/images/goods/goods9.jpeg','2022-03-30'),(33,11,23,'四川雅安初采青针雀舌',198,'/images/goods/goods23.jpeg','2022-03-30'),(34,11,19,'竹制茶勺',15,'/images/goods/goods19.jpeg','2022-03-30'),(35,11,11,'传统工艺茉莉花茶-春毫',68,'/images/goods/goods11.jpeg','2022-03-30'),(36,11,19,'竹制茶勺',15,'/images/goods/goods19.jpeg','2022-03-30'),(37,11,11,'传统工艺茉莉花茶-春毫',68,'/images/goods/goods11.jpeg','2022-03-30'),(38,8,6,'高山流水陶瓷旅行茶具',168,'/images/goods/goods6.jpeg','2022-03-30'),(39,8,8,'浅尝-白牡丹',6.6,'/images/goods/goods8.jpeg','2022-03-30'),(40,11,11,'传统工艺茉莉花茶-春毫',68,'/images/goods/goods11.jpeg','2022-03-30'),(41,11,14,'【品种】白茶习茶系列 · 入门（三）',39,'/images/goods/goods14.jpeg','2022-03-30'),(42,8,8,'浅尝-白牡丹',6.6,'/images/goods/goods8.jpeg','2022-03-30'),(43,9,6,'高山流水陶瓷旅行茶具',168,'/images/goods/goods6.jpeg','2022-03-30'),(44,12,22,'正宗明前芽头鲜嫩雀舌',108,'/images/goods/goods22.jpeg','2022-03-30'),(45,12,13,'林沧淇白水兰香铁观音',118,'/images/goods/goods13.jpeg','2022-03-30'),(46,12,7,'金油滴建盏',298,'/images/goods/goods7.jpeg','2022-03-30'),(47,12,17,'华态五虎奇茗岩茶组合礼',1666.5,'/images/goods/goods17.jpeg','2022-03-30'),(48,12,4,'绿茶-无瑕黄金芽礼盒',188,'/images/goods/goods4.jpeg','2022-03-30'),(49,12,1,'浅尝-金牡丹（武夷岩茶）',14.6,'/images/goods/goods1.jpeg','2022-03-30'),(50,12,17,'华态五虎奇茗岩茶组合礼',1666.5,'/images/goods/goods17.jpeg','2022-03-30'),(51,12,7,'金油滴建盏',298,'/images/goods/goods7.jpeg','2022-03-30'),(52,12,2,'2016南糯山古树普洱生茶',98,'/images/goods/goods2.jpeg','2022-03-30'),(53,9,6,'高山流水陶瓷旅行茶具',168,'/images/goods/goods6.jpeg','2022-03-31'),(54,9,6,'高山流水陶瓷旅行茶具',168,'/images/goods/goods6.jpeg','2022-03-31'),(55,8,8,'浅尝-白牡丹',6.6,'/images/goods/goods8.jpeg','2022-03-31'),(56,7,7,'金油滴建盏',298,'/images/goods/goods7.jpeg','2022-03-31'),(57,7,10,'云南凤庆经典蜜香滇红',88,'/images/goods/goods10.jpeg','2022-03-31'),(58,7,17,'华态五虎奇茗岩茶组合礼',1666.5,'/images/goods/goods17.jpeg','2022-03-31'),(59,7,10,'云南凤庆经典蜜香滇红',88,'/images/goods/goods10.jpeg','2022-03-31'),(60,7,7,'金油滴建盏',298,'/images/goods/goods7.jpeg','2022-03-31'),(61,7,10,'云南凤庆经典蜜香滇红',88,'/images/goods/goods10.jpeg','2022-03-31'),(62,7,10,'云南凤庆经典蜜香滇红',88,'/images/goods/goods10.jpeg','2022-03-31'),(63,7,7,'金油滴建盏',298,'/images/goods/goods7.jpeg','2022-03-31'),(64,8,13,'林沧淇白水兰香铁观音',118,'/images/goods/goods13.jpeg','2022-03-31'),(65,15,19,'竹制茶勺',15,'/images/goods/goods19.jpeg','2022-03-31'),(66,15,16,'制茶师大赛获奖大红袍',178,'/images/goods/goods16.jpeg','2022-03-31'),(67,13,8,'浅尝-白牡丹',6.6,'/images/goods/goods8.jpeg','2022-03-31'),(68,7,6,'高山流水陶瓷旅行茶具',168,'/images/goods/goods6.jpeg','2022-03-31'),(69,7,6,'高山流水陶瓷旅行茶具',168,'/images/goods/goods6.jpeg','2022-03-31'),(70,7,6,'高山流水陶瓷旅行茶具',168,'/images/goods/goods6.jpeg','2022-03-31'),(71,7,14,'【品种】白茶习茶系列 · 入门（三）',39,'/images/goods/goods14.jpeg','2022-03-31'),(72,7,9,'2016白毫银针巧克力茶砖',98,'/images/goods/goods9.jpeg','2022-03-31'),(73,7,9,'2016白毫银针巧克力茶砖',98,'/images/goods/goods9.jpeg','2022-03-31'),(74,7,11,'传统工艺茉莉花茶-春毫',68,'/images/goods/goods11.jpeg','2022-03-31'),(75,7,6,'高山流水陶瓷旅行茶具',168,'/images/goods/goods6.jpeg','2022-03-31'),(76,7,21,'黄山谷雨前六安瓜片',58,'/images/goods/goods21.jpeg','2022-03-31'),(77,7,22,'正宗明前芽头鲜嫩雀舌',108,'/images/goods/goods22.jpeg','2022-03-31'),(78,7,22,'正宗明前芽头鲜嫩雀舌',108,'/images/goods/goods22.jpeg','2022-03-31'),(79,13,8,'浅尝-白牡丹',6.6,'/images/goods/goods8.jpeg','2022-03-31'),(80,13,8,'浅尝-白牡丹',6.6,'/images/goods/goods8.jpeg','2022-03-31'),(81,7,23,'四川雅安初采青针雀舌',198,'/images/goods/goods23.jpeg','2022-03-31'),(82,7,23,'四川雅安初采青针雀舌',198,'/images/goods/goods23.jpeg','2022-03-31'),(83,7,6,'高山流水陶瓷旅行茶具',168,'/images/goods/goods6.jpeg','2022-03-31'),(84,7,15,'【年份】白茶习茶系列 · 入门（二）',39,'/images/goods/goods15.jpeg','2022-03-31'),(85,13,1,'浅尝-金牡丹（武夷岩茶）',14.6,'/images/goods/goods1.jpeg','2022-03-31'),(86,13,1,'浅尝-金牡丹（武夷岩茶）',14.6,'/images/goods/goods1.jpeg','2022-03-31'),(87,13,1,'浅尝-金牡丹（武夷岩茶）',14.6,'/images/goods/goods1.jpeg','2022-03-31'),(88,13,14,'【品种】白茶习茶系列 · 入门（三）',39,'/images/goods/goods14.jpeg','2022-04-1'),(89,8,6,'高山流水陶瓷旅行茶具',168,'/images/goods/goods6.jpeg','2022-04-1'),(90,8,8,'浅尝-白牡丹',6.6,'/images/goods/goods8.jpeg','2022-04-1'),(91,8,5,'黑金茶具套装',458,'/images/goods/goods5.jpeg','2022-04-1'),(92,8,13,'林沧淇白水兰香铁观音',118,'/images/goods/goods13.jpeg','2022-04-1'),(93,8,10,'云南凤庆经典蜜香滇红',88,'/images/goods/goods10.jpeg','2022-04-1'),(94,8,3,'黄山太平猴魁绿茶1号',99,'/images/goods/goods3.jpeg','2022-04-1'),(95,8,1,'浅尝-金牡丹（武夷岩茶）',14.6,'/images/goods/goods1.jpeg','2022-04-1'),(96,7,9,'2016白毫银针巧克力茶砖',98,'/images/goods/goods9.jpeg','2022-04-1'),(97,7,9,'2016白毫银针巧克力茶砖',98,'/images/goods/goods9.jpeg','2022-04-1'),(98,7,3,'黄山太平猴魁绿茶1号',99,'/images/goods/goods3.jpeg','2022-04-1'),(99,12,20,'锡合金铜制茶则茶勺',25,'/images/goods/goods20.jpeg','2022-04-1'),(100,12,14,'【品种】白茶习茶系列 · 入门（三）',39,'/images/goods/goods14.jpeg','2022-04-1'),(101,12,4,'绿茶-无瑕黄金芽礼盒',188,'/images/goods/goods4.jpeg','2022-04-1'),(102,12,19,'竹制茶勺',15,'/images/goods/goods19.jpeg','2022-04-1'),(103,12,7,'金油滴建盏',298,'/images/goods/goods7.jpeg','2022-04-1'),(104,12,17,'华态五虎奇茗岩茶组合礼',1666.5,'/images/goods/goods17.jpeg','2022-04-1'),(105,12,7,'金油滴建盏',298,'/images/goods/goods7.jpeg','2022-04-1'),(106,12,17,'华态五虎奇茗岩茶组合礼',1666.5,'/images/goods/goods17.jpeg','2022-04-1'),(107,12,2,'2016南糯山古树普洱生茶',98,'/images/goods/goods2.jpeg','2022-04-1'),(108,12,7,'金油滴建盏',298,'/images/goods/goods7.jpeg','2022-04-1'),(109,12,14,'【品种】白茶习茶系列 · 入门（三）',39,'/images/goods/goods14.jpeg','2022-04-1'),(110,12,8,'浅尝-白牡丹',6.6,'/images/goods/goods8.jpeg','2022-04-1'),(111,12,2,'2016南糯山古树普洱生茶',98,'/images/goods/goods2.jpeg','2022-04-1'),(112,12,17,'华态五虎奇茗岩茶组合礼',1666.5,'/images/goods/goods17.jpeg','2022-04-1'),(113,12,7,'金油滴建盏',298,'/images/goods/goods7.jpeg','2022-04-1'),(114,12,21,'黄山谷雨前六安瓜片',58,'/images/goods/goods21.jpeg','2022-04-1'),(115,12,5,'黑金茶具套装',458,'/images/goods/goods5.jpeg','2022-04-1'),(116,12,20,'锡合金铜制茶则茶勺',25,'/images/goods/goods20.jpeg','2022-04-1'),(117,12,3,'黄山太平猴魁绿茶1号',99,'/images/goods/goods3.jpeg','2022-04-1'),(118,12,16,'制茶师大赛获奖大红袍',178,'/images/goods/goods16.jpeg','2022-04-1'),(119,12,21,'黄山谷雨前六安瓜片',58,'/images/goods/goods21.jpeg','2022-04-1'),(120,12,7,'金油滴建盏',298,'/images/goods/goods7.jpeg','2022-04-1'),(121,12,6,'高山流水陶瓷旅行茶具',168,'/images/goods/goods6.jpeg','2022-04-1'),(122,12,14,'【品种】白茶习茶系列 · 入门（三）',39,'/images/goods/goods14.jpeg','2022-04-1'),(123,12,18,'莫等闲壹罐茶武夷大红袍',96,'/images/goods/goods18.jpeg','2022-04-1'),(124,12,14,'【品种】白茶习茶系列 · 入门（三）',39,'/images/goods/goods14.jpeg','2022-04-1'),(125,12,15,'【年份】白茶习茶系列 · 入门（二）',39,'/images/goods/goods15.jpeg','2022-04-1'),(126,12,16,'制茶师大赛获奖大红袍',178,'/images/goods/goods16.jpeg','2022-04-1'),(127,12,5,'黑金茶具套装',458,'/images/goods/goods5.jpeg','2022-04-1'),(128,12,14,'【品种】白茶习茶系列 · 入门（三）',39,'/images/goods/goods14.jpeg','2022-04-1'),(129,12,7,'金油滴建盏',298,'/images/goods/goods7.jpeg','2022-04-1'),(130,12,5,'黑金茶具套装',458,'/images/goods/goods5.jpeg','2022-04-1'),(131,12,21,'黄山谷雨前六安瓜片',58,'/images/goods/goods21.jpeg','2022-04-1'),(132,12,1,'浅尝-金牡丹（武夷岩茶）',14.6,'/images/goods/goods1.jpeg','2022-04-1'),(133,12,8,'浅尝-白牡丹',6.6,'/images/goods/goods8.jpeg','2022-04-1'),(134,12,1,'浅尝-金牡丹（武夷岩茶）',14.6,'/images/goods/goods1.jpeg','2022-04-1'),(135,12,2,'2016南糯山古树普洱生茶',98,'/images/goods/goods2.jpeg','2022-04-1'),(136,12,16,'制茶师大赛获奖大红袍',178,'/images/goods/goods16.jpeg','2022-04-1'),(137,12,15,'【年份】白茶习茶系列 · 入门（二）',39,'/images/goods/goods15.jpeg','2022-04-1'),(138,12,20,'锡合金铜制茶则茶勺',25,'/images/goods/goods20.jpeg','2022-04-1'),(139,12,1,'浅尝-金牡丹（武夷岩茶）',14.6,'/images/goods/goods1.jpeg','2022-04-1'),(140,12,2,'2016南糯山古树普洱生茶',98,'/images/goods/goods2.jpeg','2022-04-1'),(141,12,3,'黄山太平猴魁绿茶1号',99,'/images/goods/goods3.jpeg','2022-04-1'),(142,12,4,'绿茶-无瑕黄金芽礼盒',188,'/images/goods/goods4.jpeg','2022-04-1'),(143,12,2,'2016南糯山古树普洱生茶',98,'/images/goods/goods2.jpeg','2022-04-1'),(144,12,15,'【年份】白茶习茶系列 · 入门（二）',39,'/images/goods/goods15.jpeg','2022-04-1'),(145,7,12,'笔花堂桐木关金骏眉',794,'/images/goods/goods12.jpeg','2022-04-1'),(146,12,8,'浅尝-白牡丹',6.6,'/images/goods/goods8.jpeg','2022-04-1'),(147,12,22,'正宗明前芽头鲜嫩雀舌',108,'/images/goods/goods22.jpeg','2022-04-1'),(148,12,16,'制茶师大赛获奖大红袍',178,'/images/goods/goods16.jpeg','2022-04-1'),(149,12,19,'竹制茶勺',15,'/images/goods/goods19.jpeg','2022-04-1'),(150,12,6,'高山流水陶瓷旅行茶具',168,'/images/goods/goods6.jpeg','2022-04-1'),(151,12,7,'金油滴建盏',298,'/images/goods/goods7.jpeg','2022-04-1'),(152,12,10,'云南凤庆经典蜜香滇红',88,'/images/goods/goods10.jpeg','2022-04-1'),(153,12,15,'【年份】白茶习茶系列 · 入门（二）',39,'/images/goods/goods15.jpeg','2022-04-1'),(154,12,20,'锡合金铜制茶则茶勺',25,'/images/goods/goods20.jpeg','2022-04-1'),(155,12,13,'林沧淇白水兰香铁观音',118,'/images/goods/goods13.jpeg','2022-04-1'),(156,12,20,'锡合金铜制茶则茶勺',25,'/images/goods/goods20.jpeg','2022-04-1'),(157,12,19,'竹制茶勺',15,'/images/goods/goods19.jpeg','2022-04-1'),(158,12,6,'高山流水陶瓷旅行茶具',168,'/images/goods/goods6.jpeg','2022-04-1'),(159,12,1,'浅尝-金牡丹（武夷岩茶）',14.6,'/images/goods/goods1.jpeg','2022-04-1'),(160,12,8,'浅尝-白牡丹',6.6,'/images/goods/goods8.jpeg','2022-04-1'),(161,12,11,'传统工艺茉莉花茶-春毫',68,'/images/goods/goods11.jpeg','2022-04-1'),(162,12,5,'黑金茶具套装',458,'/images/goods/goods5.jpeg','2022-04-1'),(163,7,10,'云南凤庆经典蜜香滇红',88,'/images/goods/goods10.jpeg','2022-04-2'),(164,7,5,'黑金茶具套装',458,'/images/goods/goods5.jpeg','2022-04-2'),(165,7,12,'笔花堂桐木关金骏眉',794,'/images/goods/goods12.jpeg','2022-04-2'),(166,7,22,'正宗明前芽头鲜嫩雀舌',108,'/images/goods/goods22.jpeg','2022-04-2'),(167,7,14,'【品种】白茶习茶系列 · 入门（三）',39,'/images/goods/goods14.jpeg','2022-04-2'),(168,7,8,'浅尝-白牡丹',6.6,'/images/goods/goods8.jpeg','2022-04-2'),(169,7,9,'2016白毫银针巧克力茶砖',98,'/images/goods/goods9.jpeg','2022-04-2'),(170,7,7,'金油滴建盏',298,'/images/goods/goods7.jpeg','2022-04-2'),(171,7,11,'传统工艺茉莉花茶-春毫',68,'/images/goods/goods11.jpeg','2022-04-2'),(172,7,13,'林沧淇白水兰香铁观音',118,'/images/goods/goods13.jpeg','2022-04-2'),(173,7,6,'高山流水陶瓷旅行茶具',168,'/images/goods/goods6.jpeg','2022-04-2'),(174,7,2,'2016南糯山古树普洱生茶',98,'/images/goods/goods2.jpeg','2022-04-2'),(175,7,3,'黄山太平猴魁绿茶1号',99,'/images/goods/goods3.jpeg','2022-04-2'),(176,7,22,'正宗明前芽头鲜嫩雀舌',108,'/images/goods/goods22.jpeg','2022-04-2'),(177,7,9,'2016白毫银针巧克力茶砖',98,'/images/goods/goods9.jpeg','2022-04-2'),(178,7,23,'四川雅安初采青针雀舌',198,'/images/goods/goods23.jpeg','2022-04-2'),(179,7,3,'黄山太平猴魁绿茶1号',99,'/images/goods/goods3.jpeg','2022-04-2'),(180,7,10,'云南凤庆经典蜜香滇红',88,'/images/goods/goods10.jpeg','2022-04-2'),(181,7,14,'【品种】白茶习茶系列 · 入门（三）',39,'/images/goods/goods14.jpeg','2022-04-2'),(182,7,18,'莫等闲壹罐茶武夷大红袍',96,'/images/goods/goods18.jpeg','2022-04-2'),(183,7,16,'制茶师大赛获奖大红袍',178,'/images/goods/goods16.jpeg','2022-04-2'),(184,12,17,'华态五虎奇茗岩茶组合礼',1666.5,'/images/goods/goods17.jpeg','2022-04-2'),(185,12,10,'云南凤庆经典蜜香滇红',88,'/images/goods/goods10.jpeg','2022-04-2'),(186,7,8,'浅尝-白牡丹',6.6,'/images/goods/goods8.jpeg','2022-04-2'),(187,12,8,'浅尝-白牡丹',6.6,'/images/goods/goods8.jpeg','2022-04-2'),(188,12,15,'【年份】白茶习茶系列 · 入门（二）',39,'/images/goods/goods15.jpeg','2022-04-2'),(189,12,1,'浅尝-金牡丹（武夷岩茶）',14.6,'/images/goods/goods1.jpeg','2022-04-2'),(190,7,15,'【年份】白茶习茶系列 · 入门（二）',39,'/images/goods/goods15.jpeg','2022-04-2'),(191,7,8,'浅尝-白牡丹',6.6,'/images/goods/goods8.jpeg','2022-04-2'),(192,12,4,'绿茶-无瑕黄金芽礼盒',188,'/images/goods/goods4.jpeg','2022-04-2'),(193,12,4,'绿茶-无瑕黄金芽礼盒',188,'/images/goods/goods4.jpeg','2022-04-2'),(194,12,21,'黄山谷雨前六安瓜片',58,'/images/goods/goods21.jpeg','2022-04-2'),(195,12,22,'正宗明前芽头鲜嫩雀舌',108,'/images/goods/goods22.jpeg','2022-04-2'),(196,12,15,'【年份】白茶习茶系列 · 入门（二）',39,'/images/goods/goods15.jpeg','2022-04-2'),(197,12,1,'浅尝-金牡丹（武夷岩茶）',14.6,'/images/goods/goods1.jpeg','2022-04-2'),(198,12,14,'【品种】白茶习茶系列 · 入门（三）',39,'/images/goods/goods14.jpeg','2022-04-2'),(199,12,14,'【品种】白茶习茶系列 · 入门（三）',39,'/images/goods/goods14.jpeg','2022-04-2'),(200,16,19,'竹制茶勺',15,'/images/goods/goods19.jpeg','2022-04-2'),(201,16,20,'锡合金铜制茶则茶勺',25,'/images/goods/goods20.jpeg','2022-04-2'),(202,16,20,'锡合金铜制茶则茶勺',25,'/images/goods/goods20.jpeg','2022-04-2'),(203,17,17,'华态五虎奇茗岩茶组合礼',1666.5,'/images/goods/goods17.jpeg','2022-04-2'),(204,17,17,'华态五虎奇茗岩茶组合礼',1666.5,'/images/goods/goods17.jpeg','2022-04-2'),(205,17,3,'黄山太平猴魁绿茶1号',99,'/images/goods/goods3.jpeg','2022-04-2'),(206,8,18,'莫等闲壹罐茶武夷大红袍',96,'/images/goods/goods18.jpeg','2022-04-2'),(207,13,19,'竹制茶勺',15,'/images/goods/goods19.jpeg','2022-04-2'),(208,7,19,'竹制茶勺',15,'/images/goods/goods19.jpeg','2022-04-5'),(209,7,12,'笔花堂桐木关金骏眉',794,'/images/goods/goods12.jpeg','2022-04-7'),(210,7,8,'浅尝-白牡丹',6.6,'/images/goods/goods8.jpeg','2022-04-7'),(211,7,4,'绿茶-无瑕黄金芽礼盒',188,'/images/goods/goods4.jpeg','2022-04-9'),(212,7,4,'绿茶-无瑕黄金芽礼盒',188,'/images/goods/goods4.jpeg','2022-04-9'),(213,7,5,'黑金茶具套装',458,'/images/goods/goods5.jpeg','2022-04-9'),(214,7,5,'黑金茶具套装',458,'/images/goods/goods5.jpeg','2022-04-9'),(215,7,4,'绿茶-无瑕黄金芽礼盒',188,'/images/goods/goods4.jpeg','2022-04-9'),(216,7,4,'绿茶-无瑕黄金芽礼盒',188,'/images/goods/goods4.jpeg','2022-04-9'),(217,7,5,'黑金茶具套装',458,'/images/goods/goods5.jpeg','2022-04-9'),(218,7,5,'黑金茶具套装',458,'/images/goods/goods5.jpeg','2022-04-9'),(219,7,4,'绿茶-无瑕黄金芽礼盒',188,'/images/goods/goods4.jpeg','2022-04-9'),(220,7,5,'黑金茶具套装',458,'/images/goods/goods5.jpeg','2022-04-9'),(221,8,5,'黑金茶具套装',458,'/images/goods/goods5.jpeg','2022-04-17'),(222,8,4,'绿茶-无瑕黄金芽礼盒',188,'/images/goods/goods4.jpeg','2022-04-17'),(223,8,18,'莫等闲壹罐茶武夷大红袍',96,'/images/goods/goods18.jpeg','2022-04-17'),(224,8,1,'浅尝-金牡丹（武夷岩茶）',14.6,'/images/goods/goods1.jpeg','2022-04-17'),(225,8,19,'竹制茶勺',15,'/images/goods/goods19.jpeg','2022-04-17'),(226,8,9,'2016白毫银针巧克力茶砖',98,'/images/goods/goods9.jpeg','2022-04-17'),(227,8,16,'制茶师大赛获奖大红袍',178,'/images/goods/goods16.jpeg','2022-04-17'),(228,8,15,'【年份】白茶习茶系列 · 入门（二）',39,'/images/goods/goods15.jpeg','2022-04-17'),(229,8,3,'黄山太平猴魁绿茶1号',99,'/images/goods/goods3.jpeg','2022-04-17'),(230,8,6,'高山流水陶瓷旅行茶具',168,'/images/goods/goods6.jpeg','2022-04-25'),(231,30,12,'笔花堂桐木关金骏眉',794,'/images/goods/goods12.jpeg','2022-04-25'),(232,30,12,'笔花堂桐木关金骏眉',794,'/images/goods/goods12.jpeg','2022-04-25'),(233,30,12,'笔花堂桐木关金骏眉',794,'/images/goods/goods12.jpeg','2022-04-25'),(234,30,1,'浅尝-金牡丹（武夷岩茶）',14.6,'/images/goods/goods1.jpeg','2022-04-25'),(235,8,4,'绿茶-无瑕黄金芽礼盒',188,'/images/goods/goods4.jpeg','2022-05-4'),(236,28,3,'黄山太平猴魁绿茶1号',99,'/images/goods/goods3.jpeg','2022-05-7'),(237,8,27,'武夷山灰芽花香金骏眉3号',128,'/images/goods/goods27.jpeg','2022-05-8'),(238,8,12,'笔花堂桐木关金骏眉',794,'/images/goods/goods12.jpeg','2022-05-8'),(239,7,5,'黑金茶具套装',458,'/images/goods/goods5.jpeg','2022-05-8'),(240,8,28,'2018年花香贡眉白龙珠',128,'/images/goods/goods28.jpeg','2022-05-8'),(241,8,28,'2018年花香贡眉白龙珠',128,'/images/goods/goods28.jpeg','2022-05-8'),(242,7,11,'传统工艺茉莉花茶-春毫',68,'/images/goods/goods11.jpeg','2022-05-8'),(243,2,28,'2018年花香贡眉白龙珠',128,'/images/goods/goods28.jpeg','2022-05-8'),(244,28,19,'竹制茶勺',15,'/images/goods/goods19.jpeg','2022-05-8'),(245,29,9,'2016白毫银针巧克力茶砖',98,'/images/goods/goods9.jpeg','2022-05-8'),(246,31,6,'高山流水陶瓷旅行茶具',168,'/images/goods/goods6.jpeg','2022-05-8'),(247,31,6,'高山流水陶瓷旅行茶具',168,'/images/goods/goods6.jpeg','2022-05-8'),(248,31,29,'建阳红色芝麻毫建盏茶具',399,'/images/goods/goods29.jpeg','2022-05-8'),(249,31,4,'绿茶-无瑕黄金芽礼盒',188,'/images/goods/goods4.jpeg','2022-05-8'),(250,8,25,'2017福鼎高山枣香老贡眉',118,'/images/goods/goods25.jpeg','2022-05-12'),(251,8,5,'黑金茶具套装',458,'/images/goods/goods5.jpeg','2022-05-12'),(252,8,8,'浅尝-白牡丹',6.6,'/images/goods/goods8.jpeg','2022-05-24'),(253,8,26,'新会小青柑普洱铁罐装',168,'/images/goods/goods26.jpeg','2022-07-5'),(254,8,12,'笔花堂桐木关金骏眉',794,'/images/goods/goods12.jpeg','2022-07-5'),(255,8,29,'建阳红色芝麻毫建盏茶具',399,'/images/goods/goods29.jpeg','2022-07-5'),(256,8,17,'华态五虎奇茗岩茶组合礼',1666.5,'/images/goods/goods17.jpeg','2022-07-5'),(257,8,7,'金油滴建盏',298,'/images/goods/goods7.jpeg','2022-07-5'),(258,8,4,'绿茶-无瑕黄金芽礼盒',188,'/images/goods/goods4.jpeg','2022-07-5'),(259,8,22,'正宗明前芽头鲜嫩雀舌',108,'/images/goods/goods22.jpeg','2022-07-5');

/*Table structure for table `mail` */

DROP TABLE IF EXISTS `mail`;

CREATE TABLE `mail` (
  `id` int(11) NOT NULL AUTO_INCREMENT,
  `sender` varchar(255) NOT NULL COMMENT '发信人',
  `receiver` int(11) NOT NULL COMMENT '收信人UID',
  `title` varchar(255) NOT NULL COMMENT '标题',
  `content` text NOT NULL COMMENT '内容',
  `enclosure` text DEFAULT NULL COMMENT '附件',
  `enclosureStatus` int(11) NOT NULL COMMENT '0:未领取；1:已领取',
  `sendTime` varchar(255) NOT NULL COMMENT '发送时间',
  `mailStatus` int(11) NOT NULL COMMENT '0:未读；1:已读',
  PRIMARY KEY (`id`)
) ENGINE=InnoDB AUTO_INCREMENT=18 DEFAULT CHARSET=utf8mb4;

/*Data for the table `mail` */

insert  into `mail`(`id`,`sender`,`receiver`,`title`,`content`,`enclosure`,`enclosureStatus`,`sendTime`,`mailStatus`) values (1,'【九狐子商城】运营团队',2,'《奖励》兑换码兑换奖励','亲爱的旅行者：请查收通过兑换码获得的奖励','{\"id\":15,\"name\":\"头像框15\",\"imgUrl\":\"/images/headerBorder/border15.png\",\"type\":\"头像框\",\"weight\":\"1\"}',1,'2022-04-17 00:49',1),(2,'【九狐子商城】运营团队',4,'《奖励》兑换码兑换奖励','亲爱的旅行者：请查收通过兑换码获得的奖励','{\"id\":15,\"name\":\"头像框15\",\"imgUrl\":\"/images/headerBorder/border15.png\",\"type\":\"头像框\",\"weight\":\"1\"}',1,'2022-04-17 14:42',1),(3,'【九狐子商城】运营团队',4,'《奖励》兑换码兑换奖励','亲爱的旅行者：请查收通过兑换码获得的奖励','{\"type\":\"积分\",\"name\":\"10\",\"imgUrl\":\"/images/coin.png\",\"weight\":\"2\"},{\"id\":16,\"name\":\"头像框16\",\"imgUrl\":\"/images/headerBorder/border16.png\",\"type\":\"头像框\",\"weight\":\"1\"}',1,'2022-04-17 14:48',1),(4,'【九狐子商城】运营团队',6,'《奖励》兑换码兑换奖励','亲爱的旅行者：请查收通过兑换码获得的奖励','{\"type\":\"积分\",\"name\":\"10\",\"imgUrl\":\"/images/coin.png\",\"weight\":\"2\"},{\"id\":16,\"name\":\"头像框16\",\"imgUrl\":\"/images/headerBorder/border16.png\",\"type\":\"头像框\",\"weight\":\"1\"}',1,'2022-04-17 14:51',1),(5,'【九狐子商城】运营团队',28,'《奖励》兑换码兑换奖励','亲爱的旅行者：请查收通过兑换码获得的奖励','{\"type\":\"积分\",\"name\":\"10\",\"imgUrl\":\"/images/coin.png\",\"weight\":\"2\"},{\"id\":16,\"name\":\"头像框16\",\"imgUrl\":\"/images/headerBorder/border16.png\",\"type\":\"头像框\",\"weight\":\"1\"}',0,'2022-04-17 14:52',1),(6,'【九狐子商城】运营团队',28,'《奖励》兑换码兑换奖励','亲爱的旅行者：请查收通过兑换码获得的奖励','{\"id\":15,\"name\":\"头像框15\",\"imgUrl\":\"/images/headerBorder/border15.png\",\"type\":\"头像框\",\"weight\":\"1\"}',1,'2022-04-17 14:52',1),(7,'【九狐子商城】运营团队',29,'《奖励》兑换码兑换奖励','亲爱的旅行者：请查收通过兑换码获得的奖励','{\"type\":\"积分\",\"name\":\"10\",\"imgUrl\":\"/images/coin.png\",\"weight\":\"2\"},{\"id\":16,\"name\":\"头像框16\",\"imgUrl\":\"/images/headerBorder/border16.png\",\"type\":\"头像框\",\"weight\":\"1\"}',1,'2022-04-17 16:00',1),(8,'【九狐子商城】运营团队',30,'《奖励》兑换码兑换奖励','亲爱的旅行者：请查收通过兑换码获得的奖励','{\"type\":\"积分\",\"name\":\"10\",\"imgUrl\":\"/images/coin.png\",\"weight\":\"2\"},{\"id\":16,\"name\":\"头像框16\",\"imgUrl\":\"/images/headerBorder/border16.png\",\"type\":\"头像框\",\"weight\":\"1\"}',1,'2022-04-25 20:00',1),(9,'【九狐子商城】运营团队',16,'《奖励》兑换码兑换奖励','亲爱的旅行者：请查收通过兑换码获得的奖励','{\"id\":15,\"name\":\"麟角虎翅\",\"imgUrl\":\"/images/headerBorder/border15.png\",\"type\":\"头像框\",\"weight\":\"1\"}',0,'2022-05-07 23:54',1),(10,'【九狐子商城】运营团队',13,'【奖励】会员等级奖励','亲爱的旅行者：请查收通过购买大会员获得的奖励','{\"id\":22,\"name\":\"月度会员\",\"imgUrl\":\"/images/headerBorder/vip1.png\",\"type\":\"头像框\",\"weight\":\"1\"}',1,'2022-05-08 01:33',1),(11,'【九狐子商城】运营团队',8,'【奖励】兑换码兑换奖励','亲爱的旅行者：请查收通过兑换码获得的奖励','{\"id\":25,\"name\":\"京都之主\",\"imgUrl\":\"/images/headerBorder/jdzz.png\",\"type\":\"头像框\",\"weight\":\"1\"}',1,'2022-05-08 13:35',1),(12,'【九狐子商城】运营团队',31,'【奖励】兑换码兑换奖励','亲爱的旅行者：请查收通过兑换码获得的奖励','{\"type\":\"积分\",\"name\":\"10\",\"imgUrl\":\"/images/coin.png\",\"weight\":\"2\"},{\"id\":16,\"name\":\"头像框16\",\"imgUrl\":\"/images/headerBorder/border16.png\",\"type\":\"头像框\",\"weight\":\"1\"}',1,'2022-05-08 20:45',1),(13,'【九狐子商城】运营团队',31,'【奖励】兑换码兑换奖励','亲爱的旅行者：请查收通过兑换码获得的奖励','{\"id\":15,\"name\":\"麟角虎翅\",\"imgUrl\":\"/images/headerBorder/border15.png\",\"type\":\"头像框\",\"weight\":\"1\"}',1,'2022-05-08 20:45',1),(14,'【九狐子商城】运营团队',31,'【奖励】会员等级奖励','亲爱的旅行者：请查收通过购买大会员获得的奖励','{\"id\":24,\"name\":\"年度会员\",\"imgUrl\":\"/images/headerBorder/vip3.png\",\"type\":\"头像框\",\"weight\":\"1\"}',1,'2022-05-08 20:49',1),(15,'【九狐子商城】运营团队',7,'【奖励】会员等级奖励补发','亲爱的旅行者：请查收通过购买大会员获得的奖励','{\"id\":23,\"name\":\"季度会员\",\"imgUrl\":\"/images/headerBorder/vip2.png\",\"type\":\"头像框\",\"weight\":\"1\"}',1,'2022-05-23 15:52',1),(16,'【九狐子商城】运营团队',33,'【奖励】会员等级奖励','亲爱的旅行者：请查收通过购买大会员获得的奖励','{\"id\":22,\"name\":\"月度会员\",\"imgUrl\":\"/images/headerBorder/vip1.png\",\"type\":\"头像框\",\"weight\":\"1\"}',1,'2022-07-07 18:37',1),(17,'【九狐子商城】运营团队',33,'【奖励】会员等级奖励','亲爱的旅行者：请查收通过购买大会员获得的奖励','{\"id\":23,\"name\":\"季度会员\",\"imgUrl\":\"/images/headerBorder/vip2.png\",\"type\":\"头像框\",\"weight\":\"1\"}',1,'2022-07-07 18:45',1);

/*Table structure for table `sign_in` */

DROP TABLE IF EXISTS `sign_in`;

CREATE TABLE `sign_in` (
  `id` int(11) NOT NULL AUTO_INCREMENT,
  `uid` int(11) NOT NULL,
  `sign_time` varchar(255) NOT NULL,
  `reward` varchar(255) NOT NULL,
  `total_time` int(11) NOT NULL,
  PRIMARY KEY (`id`)
) ENGINE=InnoDB AUTO_INCREMENT=85 DEFAULT CHARSET=utf8mb4;

/*Data for the table `sign_in` */

insert  into `sign_in`(`id`,`uid`,`sign_time`,`reward`,`total_time`) values (19,8,'2022-3-28','3积分',1),(24,8,'2022-3-29','4积分',2),(30,7,'2022-3-29','3积分',1),(31,7,'2022-3-30','4积分',2),(32,11,'2022-3-30','3积分',1),(33,12,'2022-3-30','3积分',1),(34,8,'2022-3-30','5积分',3),(35,7,'2022-3-31','5积分',3),(36,8,'2022-3-31','8积分',4),(37,13,'2022-4-1','3积分',1),(38,8,'2022-4-1','3积分',1),(39,12,'2022-4-1','3积分',1),(40,12,'2022-4-2','4积分',2),(41,16,'2022-4-2','3积分',1),(42,8,'2022-4-2','4积分',2),(43,7,'2022-4-2','3积分',1),(44,11,'2022-4-2','3积分',1),(45,13,'2022-4-2','4积分',2),(46,2,'2022-4-2','3积分',1),(47,4,'2022-4-2','3积分',1),(48,18,'2022-4-2','3积分',1),(49,8,'2022-4-3','5积分',3),(50,7,'2022-4-5','3积分',1),(51,7,'2022-4-6','4积分',2),(52,8,'2022-4-6','3积分',1),(53,8,'2022-4-7','4积分',2),(54,7,'2022-4-7','5积分',3),(55,8,'2022-4-9','3积分',1),(56,7,'2022-4-9','3积分',1),(57,13,'2022-4-9','3积分',1),(58,8,'2022-4-10','4积分',2),(59,7,'2022-4-16','3积分',1),(60,8,'2022-4-18','3积分',1),(61,7,'2022-4-18','3积分',1),(62,8,'2022-4-20','3积分',1),(63,8,'2022-4-25','3积分',1),(64,30,'2022-4-25','3积分',1),(65,7,'2022-4-25','3积分',1),(66,8,'2022-5-4','3积分',1),(67,8,'2022-5-8','3积分',1),(68,31,'2022-5-8','3积分',1),(69,29,'2022-5-8','3积分',1),(70,21,'2022-5-8','3积分',1),(71,18,'2022-5-8','3积分',1),(72,2,'2022-5-8','3积分',1),(73,7,'2022-5-8','3积分',1),(74,28,'2022-5-8','3积分',1),(75,8,'2022-5-12','3积分',1),(76,8,'2022-5-16','3积分',1),(77,8,'2022-5-17','4积分',2),(78,8,'2022-5-23','3积分',1),(79,7,'2022-5-23','3积分',1),(80,2,'2022-5-23','3积分',1),(81,8,'2022-5-25','3积分',1),(82,8,'2022-6-7','3积分',1),(83,8,'2022-6-21','3积分',1),(84,8,'2022-7-7','3积分',1);

/*Table structure for table `start_list` */

DROP TABLE IF EXISTS `start_list`;

CREATE TABLE `start_list` (
  `id` int(11) NOT NULL AUTO_INCREMENT,
  `uid` int(11) NOT NULL,
  `goods_id` int(11) NOT NULL,
  `goods_name` varchar(255) NOT NULL,
  `goods_price` double NOT NULL,
  `imgUrl` varchar(255) NOT NULL,
  PRIMARY KEY (`id`)
) ENGINE=InnoDB AUTO_INCREMENT=78 DEFAULT CHARSET=utf8mb4;

/*Data for the table `start_list` */

insert  into `start_list`(`id`,`uid`,`goods_id`,`goods_name`,`goods_price`,`imgUrl`) values (12,11,11,'传统工艺茉莉花茶-春毫',68,'/images/goods/goods11.jpeg'),(13,11,1,'浅尝-金牡丹（武夷岩茶）',14.6,'/images/goods/goods1.jpeg'),(14,11,14,'【品种】白茶习茶系列 · 入门（三）',39,'/images/goods/goods14.jpeg'),(21,15,16,'制茶师大赛获奖大红袍',178,'/images/goods/goods16.jpeg'),(22,13,14,'【品种】白茶习茶系列 · 入门（三）',39,'/images/goods/goods14.jpeg'),(68,12,14,'【品种】白茶习茶系列 · 入门（三）',39,'/images/goods/goods14.jpeg'),(70,16,20,'锡合金铜制茶则茶勺',25,'/images/goods/goods20.jpeg'),(71,7,4,'绿茶-无瑕黄金芽礼盒',188,'/images/goods/goods4.jpeg'),(72,30,12,'笔花堂桐木关金骏眉',794,'/images/goods/goods12.jpeg'),(75,8,17,'华态五虎奇茗岩茶组合礼',1666.5,'/images/goods/goods17.jpeg'),(76,8,7,'金油滴建盏',298,'/images/goods/goods7.jpeg'),(77,8,22,'正宗明前芽头鲜嫩雀舌',108,'/images/goods/goods22.jpeg');

/*Table structure for table `store_order` */

DROP TABLE IF EXISTS `store_order`;

CREATE TABLE `store_order` (
  `id` int(11) NOT NULL AUTO_INCREMENT,
  `order_id` varchar(200) NOT NULL COMMENT '订单号',
  `goods_name` varchar(200) NOT NULL COMMENT '商品名称',
  `goods_price` varchar(200) NOT NULL COMMENT '商品价格',
  `goods_num` varchar(255) NOT NULL COMMENT '商品数量',
  `order_status` varchar(200) NOT NULL COMMENT '订单状态',
  `uid` int(11) NOT NULL COMMENT '用户id',
  `mode` varchar(255) NOT NULL COMMENT '模式',
  `time` varchar(255) NOT NULL COMMENT '交易时间',
  `recipient` varchar(255) NOT NULL COMMENT '收件人',
  `phone` varchar(255) NOT NULL COMMENT '电话',
  `address` varchar(255) NOT NULL COMMENT '收件地址',
  PRIMARY KEY (`id`)
) ENGINE=InnoDB AUTO_INCREMENT=401 DEFAULT CHARSET=utf8mb4;

/*Data for the table `store_order` */

insert  into `store_order`(`id`,`order_id`,`goods_name`,`goods_price`,`goods_num`,`order_status`,`uid`,`mode`,`time`,`recipient`,`phone`,`address`) values (100,'20220322222126601865','浅尝-金牡丹（武夷岩茶）','146','1','0',8,'积分','2022-05-15 22:18','九狐123','13144274876','广州市白云区测试地址2'),(101,'20220322222135302399','四川雅安初采青针雀舌','198','1','2',8,'电子货币','2022-05-15 22:18','九狐123','13144274876','广州市白云区测试地址2'),(102,'20220322224051804001','浅尝-金牡丹（武夷岩茶）','146','1','0',8,'积分','2022-05-15 22:18','九狐123','13144274876','广州市白云区测试地址2'),(103,'20220322224139355142','浅尝-金牡丹（武夷岩茶）','146','1','0',8,'积分','2022-05-15 22:18','九狐123','13144274876','广州市白云区测试地址2'),(104,'20220322224524300205','2016南糯山古树普洱生茶','1960','2','0',7,'积分','2022-05-15 22:18','九狐123','13144274876','广州市白云区测试地址2'),(105,'20220322224553519414','2016南糯山古树普洱生茶','1960','2','0',7,'积分','2022-05-15 22:18','九狐123','13144274876','广州市白云区测试地址2'),(106,'20220322224602609116','浅尝-金牡丹（武夷岩茶）','146','1','0',7,'积分','2022-05-15 22:18','九狐123','13144274876','广州市白云区测试地址2'),(107,'20220322224606483518','2016南糯山古树普洱生茶','1960','2','0',7,'积分','2022-05-15 22:18','九狐123','13144274876','广州市白云区测试地址2'),(108,'20220322224631662953','黄山太平猴魁绿茶1号','2970','3','1',7,'积分','2022-05-15 22:18','九狐123','13144274876','广州市白云区测试地址2'),(109,'2022032222470230708','2016南糯山古树普洱生茶','980','1','1',7,'积分','2022-05-15 22:18','九狐123','13144274876','广州市白云区测试地址2'),(110,'20220322224727654080','2016南糯山古树普洱生茶','980','1','1',7,'积分','2022-05-15 22:18','九狐123','13144274876','广州市白云区测试地址2'),(111,'20220322224816722010','竹制茶勺','15','1','1',7,'电子货币','2022-05-15 22:18','九狐123','13144274876','广州市白云区测试地址2'),(112,'20220322224906173231','竹制茶勺','15','1','1',7,'电子货币','2022-05-15 22:18','九狐123','13144274876','广州市白云区测试地址2'),(113,'20220322224941705045','竹制茶勺','15','1','1',7,'电子货币','2022-05-15 22:18','九狐123','13144274876','广州市白云区测试地址2'),(114,'20220322225100732686','竹制茶勺','15','1','2',7,'电子货币','2022-05-15 22:18','九狐123','13144274876','广州市白云区测试地址2'),(115,'2022032222515617375','浅尝-金牡丹（武夷岩茶）','146','1','1',7,'积分','2022-05-15 22:18','九狐123','13144274876','广州市白云区测试地址2'),(116,'2022032222525298605','浅尝-金牡丹（武夷岩茶）','146','1','1',7,'积分','2022-05-15 22:18','九狐123','13144274876','广州市白云区测试地址2'),(117,'2022032222545374203','浅尝-金牡丹（武夷岩茶）','146','1','1',7,'积分','2022-05-15 22:18','九狐123','13144274876','广州市白云区测试地址2'),(118,'20220322225545279361','浅尝-金牡丹（武夷岩茶）','146','1','1',7,'积分','2022-05-15 22:18','九狐123','13144274876','广州市白云区测试地址2'),(119,'20220322225549396691','浅尝-金牡丹（武夷岩茶）','146','1','1',7,'积分','2022-05-15 22:18','九狐123','13144274876','广州市白云区测试地址2'),(120,'20220322225554917371','2016南糯山古树普洱生茶','980','1','1',7,'积分','2022-05-15 22:18','九狐123','13144274876','广州市白云区测试地址2'),(121,'20220322225606236489','笔花堂桐木关金骏眉','7940','1','1',7,'积分','2022-05-15 22:18','九狐123','13144274876','广州市白云区测试地址2'),(122,'20220322225621647701','黄山太平猴魁绿茶1号','990','1','1',7,'积分','2022-05-15 22:18','九狐123','13144274876','广州市白云区测试地址2'),(123,'20220322225719506693','黄山太平猴魁绿茶1号','990','1','1',7,'积分','2022-05-15 22:18','九狐123','13144274876','广州市白云区测试地址2'),(124,'20220322230053620699','黄山太平猴魁绿茶1号','990','1','1',7,'积分','2022-05-15 22:18','九狐123','13144274876','广州市白云区测试地址2'),(125,'2022032223051847076','浅尝-金牡丹（武夷岩茶）','146','1','1',7,'积分','2022-05-15 22:18','九狐123','13144274876','广州市白云区测试地址2'),(126,'20220322230752932216','浅尝-金牡丹（武夷岩茶）','146','1','1',7,'积分','2022-05-15 22:18','九狐123','13144274876','广州市白云区测试地址2'),(127,'20220322231002692897','浅尝-金牡丹（武夷岩茶）','146','1','0',7,'积分','2022-05-15 22:18','九狐123','13144274876','广州市白云区测试地址2'),(128,'2022032223110519495','浅尝-金牡丹（武夷岩茶）','146','1','2',7,'积分','2022-05-15 22:18','九狐123','13144274876','广州市白云区测试地址2'),(129,'20220322231151558907','浅尝-金牡丹（武夷岩茶）','146','1','2',7,'积分','2022-05-15 22:18','九狐123','13144274876','广州市白云区测试地址2'),(130,'20220322231228680289','浅尝-金牡丹（武夷岩茶）','146','1','2',7,'积分','2022-05-15 22:18','九狐123','13144274876','广州市白云区测试地址2'),(131,'20220322231313502428','浅尝-金牡丹（武夷岩茶）','146','1','2',7,'积分','2022-05-15 22:18','九狐123','13144274876','广州市白云区测试地址2'),(132,'20220322231417962077','黄山太平猴魁绿茶1号','990','1','4',7,'积分','2022-05-15 22:18','九狐123','13144274876','广州市白云区测试地址2'),(133,'20220322232609359142','2016南糯山古树普洱生茶','980','1','3',7,'积分','2022-05-15 22:18','九狐123','13144274876','广州市白云区测试地址2'),(134,'20220322232808467165','2016南糯山古树普洱生茶','980','1','3',7,'积分','2022-05-15 22:18','九狐123','13144274876','广州市白云区测试地址2'),(135,'20220322232856634666','高山流水陶瓷旅行茶具','1680','1','3',7,'积分','2022-05-15 22:18','九狐123','13144274876','广州市白云区测试地址2'),(136,'20220322232950863106','锡合金铜制茶则茶勺','250','1','3',7,'积分','2022-05-15 22:18','九狐123','13144274876','广州市白云区测试地址2'),(137,'20220322233014615193','浅尝-金牡丹（武夷岩茶）','146','1','3',7,'积分','2022-05-15 22:18','九狐123','13144274876','广州市白云区测试地址2'),(138,'20220322233431459237','竹制茶勺','150','1','3',7,'积分','2022-05-15 22:18','九狐123','13144274876','广州市白云区测试地址2'),(139,'2022032223353295184','竹制茶勺','150','1','3',7,'积分','2022-05-15 22:18','九狐123','13144274876','广州市白云区测试地址2'),(140,'20220322234010844764','绿茶-无瑕黄金芽礼盒','1880','1','3',7,'积分','2022-05-15 22:18','九狐123','13144274876','广州市白云区测试地址2'),(141,'20220324200447840485','四川雅安初采青针雀舌','198','1','0',8,'电子货币','2022-05-15 22:18','九狐123','13144274876','广州市白云区测试地址2'),(142,'202203242004593914','传统工艺茉莉花茶-春毫','680','1','0',8,'电子货币','2022-05-15 22:18','九狐123','13144274876','广州市白云区测试地址2'),(143,'20220324200524438419','传统工艺茉莉花茶-春毫','680','1','0',8,'电子货币','2022-05-15 22:18','九狐123','13144274876','广州市白云区测试地址2'),(144,'20220324200554987775','传统工艺茉莉花茶-春毫','680','1','0',8,'电子货币','2022-05-15 22:18','九狐123','13144274876','广州市白云区测试地址2'),(145,'20220324200738549861','传统工艺茉莉花茶-春毫','68','1','0',8,'电子货币','2022-05-15 22:18','九狐123','13144274876','广州市白云区测试地址2'),(146,'20220324200829687677','传统工艺茉莉花茶-春毫','68','1','0',8,'电子货币','2022-05-15 22:18','九狐123','13144274876','广州市白云区测试地址2'),(147,'20220324201058724497','四川雅安初采青针雀舌','198','1','0',8,'电子货币','2022-05-15 22:18','九狐123','13144274876','广州市白云区测试地址2'),(148,'20220324201107860393','【品种】白茶习茶系列 · 入门（三）','39','1','2',8,'电子货币','2022-05-15 22:18','九狐123','13144274876','广州市白云区测试地址2'),(149,'20220324201120752230','黑金茶具套装','458','1','0',8,'电子货币','2022-05-15 22:18','九狐123','13144274876','广州市白云区测试地址2'),(150,'20220324201128641826','四川雅安初采青针雀舌','198','1','2',8,'电子货币','2022-05-15 22:18','九狐123','13144274876','广州市白云区测试地址2'),(151,'20220324201137798260','四川雅安初采青针雀舌','198','1','3',8,'电子货币','2022-05-15 22:18','九狐123','13144274876','广州市白云区测试地址2'),(152,'20220324201308515153','四川雅安初采青针雀舌','198','1','0',8,'电子货币','2022-05-15 22:18','九狐123','13144274876','广州市白云区测试地址2'),(153,'20220324201318508354','金油滴建盏','298','1','5',8,'电子货币','2022-05-15 22:18','九狐123','13144274876','广州市白云区测试地址2'),(154,'20220324201334644932','四川雅安初采青针雀舌','198','1','1',8,'电子货币','2022-05-15 22:18','九狐123','13144274876','广州市白云区测试地址2'),(155,'20220324201410124586','四川雅安初采青针雀舌','198','1','1',8,'电子货币','2022-05-15 22:18','九狐123','13144274876','广州市白云区测试地址2'),(156,'20220324201415129000','锡合金铜制茶则茶勺','25','1','1',8,'电子货币','2022-05-15 22:18','九狐123','13144274876','广州市白云区测试地址2'),(157,'20220324201429177532','锡合金铜制茶则茶勺','25','1','1',8,'电子货币','2022-05-15 22:18','九狐123','13144274876','广州市白云区测试地址2'),(158,'20220324201523694611','四川雅安初采青针雀舌','198','1','1',8,'电子货币','2022-05-15 22:18','九狐123','13144274876','广州市白云区测试地址2'),(159,'20220324201651713821','四川雅安初采青针雀舌','198','1','1',8,'电子货币','2022-05-15 22:18','九狐123','13144274876','广州市白云区测试地址2'),(160,'20220324201657984323','林沧淇白水兰香铁观音','118','1','1',8,'电子货币','2022-05-15 22:18','九狐123','13144274876','广州市白云区测试地址2'),(161,'20220324202014433875','林沧淇白水兰香铁观音','118','1','1',8,'电子货币','2022-05-15 22:18','九狐123','13144274876','广州市白云区测试地址2'),(162,'20220324202049153416','云南凤庆经典蜜香滇红','88','1','1',8,'电子货币','2022-05-15 22:18','九狐123','13144274876','广州市白云区测试地址2'),(163,'20220324202215230729','云南凤庆经典蜜香滇红','88','1','1',8,'电子货币','2022-05-15 22:18','九狐123','13144274876','广州市白云区测试地址2'),(164,'20220324202716124946','四川雅安初采青针雀舌','198','1','1',8,'电子货币','2022-05-15 22:18','九狐123','13144274876','广州市白云区测试地址2'),(165,'20220324202722111640','正宗明前芽头鲜嫩雀舌','108','1','4',8,'电子货币','2022-05-15 22:18','九狐123','13144274876','广州市白云区测试地址2'),(166,'20220324202727461740','华态五虎奇茗岩茶组合礼','1666.5','1','2',8,'电子货币','2022-05-15 22:18','九狐123','13144274876','广州市白云区测试地址2'),(167,'2022032420381179816','2016白毫银针巧克力茶砖','98','1','1',8,'电子货币','2022-05-15 22:18','九狐123','13144274876','广州市白云区测试地址2'),(168,'20220324203816476144','2016白毫银针巧克力茶砖','98','1','3',8,'电子货币','2022-05-15 22:18','九狐123','13144274876','广州市白云区测试地址2'),(169,'2022032420403890302','浅尝-金牡丹（武夷岩茶）','146','1','0',8,'积分','2022-05-15 22:18','九狐123','13144274876','广州市白云区测试地址2'),(170,'20220324204234122412','云南凤庆经典蜜香滇红','88','1','3',8,'电子货币','2022-05-15 22:18','九狐123','13144274876','广州市白云区测试地址2'),(171,'20220324204818320002','浅尝-金牡丹（武夷岩茶）','146','1','3',7,'积分','2022-05-15 22:18','九狐123','13144274876','广州市白云区测试地址2'),(172,'20220324205015164686','2016白毫银针巧克力茶砖','98','1','2',7,'电子货币','2022-05-15 22:18','九狐123','13144274876','广州市白云区测试地址2'),(173,'2022032420505422590','锡合金铜制茶则茶勺','25','1','1',7,'电子货币','2022-05-15 22:18','九狐123','13144274876','广州市白云区测试地址2'),(174,'20220324205546309020','浅尝-白牡丹','6.6','1','1',8,'电子货币','2022-05-15 22:18','九狐123','13144274876','广州市白云区测试地址2'),(175,'20220324205612737375','制茶师大赛获奖大红袍','178','1','2',8,'电子货币','2022-05-15 22:18','九狐123','13144274876','广州市白云区测试地址2'),(176,'20220324210119416163','四川雅安初采青针雀舌','198','1','2',8,'电子货币','2022-05-15 22:18','九狐123','13144274876','广州市白云区测试地址2'),(177,'20220324210249784800','笔花堂桐木关金骏眉','794','1','1',8,'电子货币','2022-05-15 22:18','九狐123','13144274876','广州市白云区测试地址2'),(178,'20220324210701108091','笔花堂桐木关金骏眉','794','1','1',8,'电子货币','2022-05-15 22:18','九狐123','13144274876','广州市白云区测试地址2'),(179,'20220324210903665250','林沧淇白水兰香铁观音','118','1','1',8,'电子货币','2022-05-15 22:18','九狐123','13144274876','广州市白云区测试地址2'),(180,'2022032421125026721','笔花堂桐木关金骏眉','794','1','1',8,'电子货币','2022-05-15 22:18','九狐123','13144274876','广州市白云区测试地址2'),(181,'20220324211310211434','笔花堂桐木关金骏眉','794','1','3',8,'电子货币','2022-05-15 22:18','九狐123','13144274876','广州市白云区测试地址2'),(182,'20220324211516709666','四川雅安初采青针雀舌','198','1','1',8,'电子货币','2022-05-15 22:18','九狐123','13144274876','广州市白云区测试地址2'),(183,'20220324211545294200','莫等闲壹罐茶武夷大红袍','96','1','1',8,'电子货币','2022-05-15 22:18','九狐123','13144274876','广州市白云区测试地址2'),(184,'20220324211651315233','莫等闲壹罐茶武夷大红袍','96','1','2',8,'电子货币','2022-05-15 22:18','九狐123','13144274876','广州市白云区测试地址2'),(185,'2022032421181586615','莫等闲壹罐茶武夷大红袍','96','1','1',8,'电子货币','2022-05-15 22:18','九狐123','13144274876','广州市白云区测试地址2'),(186,'20220324211859788092','浅尝-金牡丹（武夷岩茶）','14.6','1','2',8,'电子货币','2022-05-15 22:18','九狐123','13144274876','广州市白云区测试地址2'),(187,'20220324212015822931','黄山谷雨前六安瓜片','58','1','2',8,'电子货币','2022-05-15 22:18','九狐123','13144274876','广州市白云区测试地址2'),(188,'20220324212032201381','【品种】白茶习茶系列 · 入门（三）','39','1','2',8,'电子货币','2022-05-15 22:18','九狐123','13144274876','广州市白云区测试地址2'),(189,'20220324212058976843','黑金茶具套装','458','1','2',8,'电子货币','2022-05-15 22:18','九狐123','13144274876','广州市白云区测试地址2'),(190,'20220324212111655830','黑金茶具套装','458','1','2',8,'电子货币','2022-05-15 22:18','九狐123','13144274876','广州市白云区测试地址2'),(191,'20220324212128829804','黑金茶具套装','458','1','2',8,'电子货币','2022-05-15 22:18','九狐123','13144274876','广州市白云区测试地址2'),(192,'20220324212157321448','传统工艺茉莉花茶-春毫','68','1','3',7,'电子货币','2022-05-15 22:18','九狐123','13144274876','广州市白云区测试地址2'),(193,'20220324212355142316','2016白毫银针巧克力茶砖','98','1','1',7,'电子货币','2022-05-15 22:18','九狐123','13144274876','广州市白云区测试地址2'),(194,'2022032421265773834','2016南糯山古树普洱生茶','98','1','1',7,'电子货币','2022-05-15 22:18','九狐123','13144274876','广州市白云区测试地址2'),(195,'20220324212726915628','林沧淇白水兰香铁观音','118','1','2',7,'电子货币','2022-05-15 22:18','九狐123','13144274876','广州市白云区测试地址2'),(196,'20220324212748297747','【年份】白茶习茶系列 · 入门（二）','39','1','3',7,'电子货币','2022-05-15 22:18','九狐123','13144274876','广州市白云区测试地址2'),(197,'2022032421283869673','正宗明前芽头鲜嫩雀舌','108','1','3',7,'电子货币','2022-05-15 22:18','九狐123','13144274876','广州市白云区测试地址2'),(198,'20220326140021502448','浅尝-金牡丹（武夷岩茶）','146','1','1',9,'积分','2022-05-15 22:18','九狐123','13144274876','广州市白云区测试地址2'),(199,'20220327194340115940','华态五虎奇茗岩茶组合礼','1666.5','1','1',8,'电子货币','2022-05-15 22:18','九狐123','13144274876','广州市白云区测试地址2'),(200,'20220330122308574367','浅尝-金牡丹（武夷岩茶）','14.6','1','1',11,'电子货币','2022-05-15 22:18','九狐123','13144274876','广州市白云区测试地址2'),(201,'20220330122359192950','莫等闲壹罐茶武夷大红袍','96','1','2',11,'电子货币','2022-05-15 22:18','九狐123','13144274876','广州市白云区测试地址2'),(202,'20220330122444704386','浅尝-金牡丹（武夷岩茶）','146','1','2',11,'积分','2022-05-15 22:18','九狐123','13144274876','广州市白云区测试地址2'),(203,'20220330122614686185','2016南糯山古树普洱生茶','980','1','2',8,'积分','2022-05-15 22:18','九狐123','13144274876','广州市白云区测试地址2'),(204,'20220330122647947402','华态五虎奇茗岩茶组合礼','1666.5','1','1',11,'电子货币','2022-05-15 22:18','九狐123','13144274876','广州市白云区测试地址2'),(205,'20220330122651191299','绿茶-无瑕黄金芽礼盒','1880','1','2',11,'积分','2022-05-15 22:18','九狐123','13144274876','广州市白云区测试地址2'),(206,'20220330122956879396','竹制茶勺','75','5','1',11,'电子货币','2022-05-15 22:18','九狐123','13144274876','广州市白云区测试地址2'),(207,'20220330123008230165','绿茶-无瑕黄金芽礼盒,2016白毫银针巧克力茶砖,林沧淇白水兰香铁观音','592','4','1',8,'电子货币','2022-05-15 22:18','九狐123','13144274876','广州市白云区测试地址2'),(208,'20220330123012132532','竹制茶勺','75','5','1',11,'电子货币','2022-05-15 22:18','九狐123','13144274876','广州市白云区测试地址2'),(209,'20220330124823292877','竹制茶勺','1.3333333333333333e+23','2147483647','1',11,'电子货币','2022-05-15 22:18','九狐123','13144274876','广州市白云区测试地址2'),(210,'20220330125928695902','浅尝-金牡丹（武夷岩茶）','146','1','2',11,'积分','2022-05-15 22:18','九狐123','13144274876','广州市白云区测试地址2'),(212,'20220330130245641841','浅尝-金牡丹（武夷岩茶）','146','1','2',12,'积分','2022-05-15 22:18','九狐123','13144274876','广州市白云区测试地址2'),(213,'20220330222129490927','正宗明前芽头鲜嫩雀舌','108','1','1',12,'电子货币','2022-05-15 22:18','九狐123','13144274876','广州市白云区测试地址2'),(214,'20220330222239618572','正宗明前芽头鲜嫩雀舌,金油滴建盏','1624','8','1',12,'电子货币','2022-05-15 22:18','九狐123','13144274876','广州市白云区测试地址2'),(215,'20220330222313567941','正宗明前芽头鲜嫩雀舌,金油滴建盏','1624','8','2',12,'电子货币','2022-05-15 22:18','九狐123','13144274876','广州市白云区测试地址2'),(217,'20220330222833649250','华态五虎奇茗岩茶组合礼','1666.5','1','1',12,'电子货币','2022-05-15 22:18','九狐123','13144274876','广州市白云区测试地址2'),(218,'20220330222849946289','华态五虎奇茗岩茶组合礼','8332.5','5','1',12,'电子货币','2022-05-15 22:18','九狐123','13144274876','广州市白云区测试地址2'),(219,'20220330223045715178','金油滴建盏','298','1','1',12,'电子货币','2022-05-15 22:18','九狐123','13144274876','广州市白云区测试地址2'),(220,'20220330223109729115','高山流水陶瓷旅行茶具','1680','1','2',12,'积分','2022-05-15 22:18','九狐123','13144274876','广州市白云区测试地址2'),(221,'20220330223125768856','2016南糯山古树普洱生茶','98','1','2',12,'电子货币','2022-05-15 22:18','九狐123','13144274876','广州市白云区测试地址2'),(222,'20220330223224605229','华态五虎奇茗岩茶组合礼,金油滴建盏','8630.5','6','2',12,'电子货币','2022-05-15 22:18','九狐123','13144274876','广州市白云区测试地址2'),(223,'20220331194029915780','制茶师大赛获奖大红袍','178','1','1',15,'电子货币','2022-05-15 22:18','九狐123','13144274876','广州市白云区测试地址2'),(224,'20220331194104465379','制茶师大赛获奖大红袍','176220','990','1',15,'电子货币','2022-05-15 22:18','九狐123','13144274876','广州市白云区测试地址2'),(225,'20220331210105395087','浅尝-白牡丹','6.6','1','1',13,'电子货币','2022-05-15 22:18','九狐123','13144274876','广州市白云区测试地址2'),(226,'20220331210138714300','高山流水陶瓷旅行茶具','168','1','1',7,'电子货币','2022-05-15 22:18','九狐123','13144274876','广州市白云区测试地址2'),(227,'20220331210541749868','高山流水陶瓷旅行茶具','168','1','1',7,'电子货币','2022-05-15 22:18','九狐123','13144274876','广州市白云区测试地址2'),(228,'20220331210559159766','【品种】白茶习茶系列 · 入门（三）','39','1','1',7,'电子货币','2022-05-15 22:18','九狐123','13144274876','广州市白云区测试地址2'),(229,'20220331210651199582','2016白毫银针巧克力茶砖','98','1','1',7,'电子货币','2022-05-15 22:18','九狐123','13144274876','广州市白云区测试地址2'),(230,'20220331212734756484','传统工艺茉莉花茶-春毫','68','1','1',7,'电子货币','2022-05-15 22:18','九狐123','13144274876','广州市白云区测试地址2'),(231,'20220331212758639498','高山流水陶瓷旅行茶具','168','1','1',7,'电子货币','2022-05-15 22:18','九狐123','13144274876','广州市白云区测试地址2'),(232,'20220331232119662435','黄山谷雨前六安瓜片','58','1','1',7,'电子货币','2022-05-15 22:18','九狐123','13144274876','广州市白云区测试地址2'),(233,'20220331232157778438','正宗明前芽头鲜嫩雀舌','108','1','1',7,'电子货币','2022-05-15 22:18','九狐123','13144274876','广州市白云区测试地址2'),(234,'20220331232309281815','正宗明前芽头鲜嫩雀舌','108','1','1',7,'电子货币','2022-05-15 22:18','九狐123','13144274876','广州市白云区测试地址2'),(235,'20220331233322236103','浅尝-白牡丹','6.6','1','1',13,'电子货币','2022-05-15 22:18','九狐123','13144274876','广州市白云区测试地址2'),(236,'20220331233819580198','四川雅安初采青针雀舌','198','1','1',7,'电子货币','2022-05-15 22:18','九狐123','13144274876','广州市白云区测试地址2'),(237,'20220331234100811786','高山流水陶瓷旅行茶具','168','1','1',7,'电子货币','2022-05-15 22:18','九狐123','13144274876','广州市白云区测试地址2'),(238,'20220331234330561699','浅尝-金牡丹（武夷岩茶）','14.6','1','1',13,'电子货币','2022-05-15 22:18','九狐123','13144274876','广州市白云区测试地址2'),(239,'20220331234433216786','2016南糯山古树普洱生茶','980','1','1',13,'积分','2022-05-15 22:18','九狐123','13144274876','广州市白云区测试地址2'),(240,'20220331234444769331','2016南糯山古树普洱生茶','980','1','1',7,'积分','2022-05-15 22:18','九狐123','13144274876','广州市白云区测试地址2'),(241,'20220331234815605370','2016南糯山古树普洱生茶','980','1','1',7,'积分','2022-05-15 22:18','九狐123','13144274876','广州市白云区测试地址2'),(242,'20220331235002712023','莫等闲壹罐茶武夷大红袍','960','1','1',13,'积分','2022-05-15 22:18','九狐123','13144274876','广州市白云区测试地址2'),(243,'20220401000035531825','浅尝-金牡丹（武夷岩茶）','14.6','1','1',13,'电子货币','2022-05-15 22:18','九狐123','13144274876','广州市白云区测试地址2'),(244,'20220401190158149457','2016白毫银针巧克力茶砖','98','1','1',7,'电子货币','2022-05-15 22:18','九狐123','13144274876','广州市白云区测试地址2'),(245,'20220401190203926135','2016白毫银针巧克力茶砖','98','1','1',7,'电子货币','2022-05-15 22:18','九狐123','13144274876','广州市白云区测试地址2'),(246,'20220401190249651532','黄山太平猴魁绿茶1号','99','1','1',7,'电子货币','2022-05-15 22:18','九狐123','13144274876','广州市白云区测试地址2'),(247,'20220401190254525349','绿茶-无瑕黄金芽礼盒','1880','1','1',7,'积分','2022-05-15 22:18','九狐123','13144274876','广州市白云区测试地址2'),(248,'20220401203221841834','锡合金铜制茶则茶勺','25','1','1',12,'电子货币','2022-05-15 22:18','九狐123','13144274876','广州市白云区测试地址2'),(249,'20220401203243321597','【品种】白茶习茶系列 · 入门（三）','39','1','1',12,'电子货币','2022-05-15 22:18','九狐123','13144274876','广州市白云区测试地址2'),(250,'20220401203333427482','绿茶-无瑕黄金芽礼盒','188','1','1',12,'电子货币','2022-05-15 22:18','九狐123','13144274876','广州市白云区测试地址2'),(251,'20220401204824861742','竹制茶勺','105','7','2',12,'电子货币','2022-05-15 22:18','九狐123','13144274876','广州市白云区测试地址2'),(252,'2022040120503951117','【年份】白茶习茶系列 · 入门（二）','39','1','2',12,'电子货币','2022-05-15 22:18','九狐123','13144274876','广州市白云区测试地址2'),(253,'20220401205220408492','【年份】白茶习茶系列 · 入门（二）','1326','34','1',12,'电子货币','2022-05-15 22:18','九狐123','13144274876','广州市白云区测试地址2'),(255,'20220401205408277067','浅尝-白牡丹','19.799999999999997','3','1',12,'电子货币','2022-05-15 22:18','九狐123','13144274876','广州市白云区测试地址2'),(256,'20220401205458313298','竹制茶勺','15','1','1',12,'电子货币','2022-05-15 22:18','九狐123','13144274876','广州市白云区测试地址2'),(257,'20220401205505144076','高山流水陶瓷旅行茶具','168','1','2',12,'电子货币','2022-05-15 22:18','九狐123','13144274876','广州市白云区测试地址2'),(258,'20220402002807822441','浅尝-金牡丹（武夷岩茶）','146','1','1',12,'积分','2022-05-15 22:18','九狐123','13144274876','广州市白云区测试地址2'),(259,'20220402002816409193','浅尝-白牡丹','66','1','2',12,'积分','2022-05-15 22:18','九狐123','13144274876','广州市白云区测试地址2'),(260,'20220402002838498463','2016南糯山古树普洱生茶','980','1','2',12,'积分','2022-05-15 22:18','九狐123','13144274876','广州市白云区测试地址2'),(261,'20220402002908817215','绿茶-无瑕黄金芽礼盒','1880','1','2',12,'积分','2022-05-15 22:18','九狐123','13144274876','广州市白云区测试地址2'),(262,'20220402003734486374','绿茶-无瑕黄金芽礼盒','188','1','2',12,'电子货币','2022-05-15 22:18','九狐123','13144274876','广州市白云区测试地址2'),(263,'20220402003823392795','黄山谷雨前六安瓜片','58','1','2',12,'电子货币','2022-05-15 22:18','九狐123','13144274876','广州市白云区测试地址2'),(264,'20220402003839157724','黑金茶具套装,绿茶-无瑕黄金芽礼盒,黄山谷雨前六安瓜片','5838','26','1',12,'电子货币','2022-05-15 22:18','九狐123','13144274876','广州市白云区测试地址2'),(265,'20220402004520767039','【品种】白茶习茶系列 · 入门（三）','195','5','1',12,'电子货币','2022-05-15 22:18','九狐123','13144274876','广州市白云区测试地址2'),(266,'2022040200533380423','竹制茶勺','45','3','2',16,'电子货币','2022-05-15 22:18','九狐123','13144274876','广州市白云区测试地址2'),(267,'20220402005509403959','锡合金铜制茶则茶勺','25','1','2',16,'电子货币','2022-05-15 22:18','九狐123','13144274876','广州市白云区测试地址2'),(268,'20220402005708389910','竹制茶勺,锡合金铜制茶则茶勺','145','7','2',16,'电子货币','2022-05-15 22:18','九狐123','13144274876','广州市白云区测试地址2'),(275,'20220402005933410662','华态五虎奇茗岩茶组合礼','1666.5','1','2',17,'电子货币','2022-05-15 22:18','九狐123','13144274876','广州市白云区测试地址2'),(276,'20220402010347517516','【品种】白茶习茶系列 · 入门（三）','195','5','2',12,'电子货币','2022-05-15 22:18','九狐123','13144274876','广州市白云区测试地址2'),(277,'20220402164205376770','浅尝-金牡丹（武夷岩茶）','146','1','2',18,'积分','2022-05-15 22:18','九狐123','13144274876','广州市白云区测试地址2'),(278,'20220407230401577981','笔花堂桐木关金骏眉','794','1','1',7,'电子货币','2022-05-15 22:18','九狐123','13144274876','广州市白云区测试地址2'),(279,'20220407230513872032','浅尝-白牡丹','6.6','1','1',7,'电子货币','2022-05-15 22:18','九狐123','13144274876','广州市白云区测试地址2'),(280,'20220409214103167553','【年份】白茶习茶系列 · 入门（二）','39','1','2',7,'电子货币','2022-05-15 22:18','九狐123','13144274876','广州市白云区测试地址2'),(281,'20220409214249518601','【年份】白茶习茶系列 · 入门（二）,浅尝-金牡丹（武夷岩茶）','53.6','2','2',7,'电子货币','2022-05-15 22:18','九狐123','13144274876','广州市白云区测试地址2'),(282,'20220409220906279001','黑金茶具套装,绿茶-无瑕黄金芽礼盒','646','2','0',7,'电子货币','2022-05-15 22:18','九狐123','13144274876','广州市白云区测试地址2'),(283,'20220409220912620183','黑金茶具套装,绿茶-无瑕黄金芽礼盒','646','2','2',7,'电子货币','2022-05-15 22:18','九狐123','13144274876','广州市白云区测试地址2'),(284,'20220409221051749565','绿茶-无瑕黄金芽礼盒,黑金茶具套装','646','2','1',7,'电子货币','2022-05-15 22:18','九狐123','13144274876','广州市白云区测试地址2'),(285,'2022040922180233505','绿茶-无瑕黄金芽礼盒,黑金茶具套装','1104','3','1',7,'电子货币','2022-05-15 22:18','九狐123','13144274876','广州市白云区测试地址2'),(292,'20220409230033316075','绿茶-无瑕黄金芽礼盒,黑金茶具套装','1104','1,2','2',7,'电子货币','2022-05-15 22:18','九狐123','13144274876','广州市白云区测试地址2'),(293,'20220409230413166617','黑金茶具套装,绿茶-无瑕黄金芽礼盒','834','1,2','2',7,'电子货币','2022-05-15 22:18','九狐123','13144274876','广州市白云区测试地址2'),(294,'20220409230629408166','绿茶-无瑕黄金芽礼盒,黑金茶具套装','834','2,1','6',8,'电子货币','2022-05-15 22:18','九狐123','13144274876','广州市白云区测试地址2'),(295,'20220409230823527238','【品种】白茶习茶系列 · 入门（三）,2016白毫银针巧克力茶砖','137','1,1','1',7,'电子货币','2022-05-15 22:18','九狐123','13144274876','广州市白云区测试地址2'),(296,'2022040923100272480','【品种】白茶习茶系列 · 入门（三）,2016白毫银针巧克力茶砖,正宗明前芽头鲜嫩雀舌,黄山太平猴魁绿茶1号','344','1,1,1,1','1',7,'电子货币','2022-05-15 22:18','九狐123','13144274876','广州市白云区测试地址2'),(297,'20220409231053588867','【品种】白茶习茶系列 · 入门（三）,2016白毫银针巧克力茶砖,正宗明前芽头鲜嫩雀舌,黄山太平猴魁绿茶1号','344','1,1,1,1','1',7,'电子货币','2022-05-15 22:18','九狐123','13144274876','广州市白云区测试地址2'),(298,'20220409231122707572','黑金茶具套装,绿茶-无瑕黄金芽礼盒','834','1,2','3',7,'电子货币','2022-05-15 22:18','九狐123','13144274876','广州市白云区测试地址2'),(299,'20220409231309641010','黑金茶具套装','458','1','3',7,'电子货币','2022-05-15 22:18','九狐123','13144274876','广州市白云区测试地址2'),(300,'20220409231404475898','充值￥100 赠送 10积分','100','1','3',7,'充值','2022-05-15 22:18','九狐123','13144274876','广州市白云区测试地址2'),(301,'20220409235511883304','充值￥1000 赠送 100积分','1000','1','2',8,'充值','2022-05-15 22:18','九狐123','13144274876','广州市白云区测试地址2'),(302,'20220409235921191240','充值￥1000 赠送 100积分','1000','1','2',13,'充值','2022-05-15 22:18','九狐123','13144274876','广州市白云区测试地址2'),(303,'20220410000232662401','充值￥1000 赠送 100积分','1000','1','3',13,'充值','2022-05-15 22:18','九狐123','13144274876','广州市白云区测试地址2'),(304,'20220410140544991263','充值￥100 赠送 10积分','100','1','2',8,'充值','2022-05-15 22:18','九狐123','13144274876','广州市白云区测试地址2'),(305,'20220410140727614025','充值￥100 赠送 10积分','100','1','2',8,'充值','2022-05-15 22:18','九狐123','13144274876','广州市白云区测试地址2'),(306,'20220425195721181824','笔花堂桐木关金骏眉','794','1','2',30,'电子货币','2022-05-15 22:18','九狐123','13144274876','广州市白云区测试地址2'),(307,'20220430234447948618','月度大会员','60','1','2',8,'会员','2022-05-15 22:18','九狐123','13144274876','广州市白云区测试地址2'),(308,'2022043023453538843','月度大会员','25','1','2',8,'会员','2022-05-15 22:18','九狐123','13144274876','广州市白云区测试地址2'),(309,'202204302345593638','季度大会员','60','1','2',8,'会员','2022-05-15 22:18','九狐123','13144274876','广州市白云区测试地址2'),(310,'2022043023460851864','年度大会员','216','1','2',8,'会员','2022-05-15 22:18','九狐123','13144274876','广州市白云区测试地址2'),(311,'20220430235331623960','月度大会员','25','1','2',8,'会员','2022-05-15 22:18','九狐123','13144274876','广州市白云区测试地址2'),(312,'20220501004305778160','月度大会员','25','1','3',8,'会员','2022-05-15 22:18','九狐123','13144274876','广州市白云区测试地址2'),(313,'2022050100440930188','季度大会员','60','1','3',8,'会员','2022-05-15 22:18','九狐123','13144274876','广州市白云区测试地址2'),(314,'20220501004659872901','月度大会员','25','1','3',8,'会员','2022-05-15 22:18','九狐123','13144274876','广州市白云区测试地址2'),(315,'20220501005615179705','月度大会员','25','1','2',8,'会员','2022-05-15 22:18','九狐123','13144274876','广州市白云区测试地址2'),(316,'20220501005711847080','月度大会员','25','1','3',7,'会员','2022-05-15 22:18','九狐123','13144274876','广州市白云区测试地址2'),(317,'20220501005920357731','季度大会员','60','1','3',8,'会员','2022-05-15 22:18','九狐123','13144274876','广州市白云区测试地址2'),(318,'20220501010047567031','月度大会员','25','1','3',8,'会员','2022-05-15 22:18','九狐123','13144274876','广州市白云区测试地址2'),(319,'20220501010130615272','季度大会员','60','1','3',8,'会员','2022-05-15 22:18','九狐123','13144274876','广州市白云区测试地址2'),(320,'20220501010210310558','年度大会员','216','1','3',8,'会员','2022-05-15 22:18','九狐123','13144274876','广州市白云区测试地址2'),(321,'20220501010327579976','月度大会员','25','1','2',8,'会员','2022-05-15 22:18','九狐123','13144274876','广州市白云区测试地址2'),(322,'20220501010351273447','月度大会员','25','1','2',8,'会员','2022-05-15 22:18','九狐123','13144274876','广州市白云区测试地址2'),(323,'20220501010438862882','月度大会员','25','1','2',8,'会员','2022-05-15 22:18','九狐123','13144274876','广州市白云区测试地址2'),(324,'20220501010536175560','月度大会员','25','1','3',8,'会员','2022-05-15 22:18','九狐123','13144274876','广州市白云区测试地址2'),(325,'20220501012931753084','月度大会员','25','1','3',8,'会员','2022-05-15 22:18','九狐123','13144274876','广州市白云区测试地址2'),(326,'20220501013226845846','年度大会员','216','1','3',8,'会员','2022-05-15 22:18','九狐123','13144274876','广州市白云区测试地址2'),(327,'20220504140455142222','月度大会员','25','1','2',7,'会员','2022-05-15 22:18','九狐123','13144274876','广州市白云区测试地址2'),(328,'20220504140602799757','月度大会员','25','1','3',7,'会员','2022-05-15 22:18','九狐123','13144274876','广州市白云区测试地址2'),(329,'20220504141059403130','月度大会员','25','1','3',13,'会员','2022-05-15 22:18','九狐123','13144274876','广州市白云区测试地址2'),(330,'20220504141223704414','月度大会员','25','1','3',2,'会员','2022-05-15 22:18','九狐123','13144274876','广州市白云区测试地址2'),(331,'20220504141518561492','月度大会员','25','1','3',4,'会员','2022-05-15 22:18','九狐123','13144274876','广州市白云区测试地址2'),(332,'20220504144907941970','月度大会员','25','1','3',6,'会员','2022-05-15 22:18','九狐123','13144274876','广州市白云区测试地址2'),(333,'20220504145615881604','月度大会员','25','1','3',9,'会员','2022-05-15 22:18','九狐123','13144274876','广州市白云区测试地址2'),(334,'20220504145759627134','月度大会员','25','1','3',28,'会员','2022-05-15 22:18','九狐123','13144274876','广州市白云区测试地址2'),(335,'20220504151757152420','月度大会员','25','1','3',28,'会员','2022-05-15 22:18','九狐123','13144274876','广州市白云区测试地址2'),(336,'20220504152223937776','月度大会员','25','1','3',28,'会员','2022-05-15 22:18','九狐123','13144274876','广州市白云区测试地址2'),(337,'2022050415232417037','月度大会员','25','1','3',28,'会员','2022-05-15 22:18','九狐123','13144274876','广州市白云区测试地址2'),(338,'2022050415235715665','月度大会员','25','1','3',28,'会员','2022-05-15 22:18','九狐123','13144274876','广州市白云区测试地址2'),(339,'20220504152433146591','季度大会员','60','1','3',28,'会员','2022-05-15 22:18','九狐123','13144274876','广州市白云区测试地址2'),(340,'20220504152511736393','季度大会员','60','1','3',28,'会员','2022-05-15 22:18','九狐123','13144274876','广州市白云区测试地址2'),(341,'20220504152549299970','季度大会员','60','1','3',28,'会员','2022-05-15 22:18','九狐123','13144274876','广州市白云区测试地址2'),(342,'20220504160548117551','年度大会员','216','1','3',8,'会员','2022-05-15 22:18','九狐123','13144274876','广州市白云区测试地址2'),(343,'20220504160707191555','季度大会员','60','1','3',7,'会员','2022-05-15 22:18','九狐123','13144274876','广州市白云区测试地址2'),(344,'20220504170901191138','绿茶-无瑕黄金芽礼盒,2016白毫银针巧克力茶砖,林沧淇白水兰香铁观音','592','2,1,1','1',8,'电子货币','2022-05-15 22:18','九狐123','13144274876','广州市白云区测试地址2'),(345,'20220504171407134668','浅尝-金牡丹（武夷岩茶）','146','1','1',8,'积分','2022-05-15 22:18','九狐123','13144274876','广州市白云区测试地址2'),(346,'20220504171414288743','浅尝-金牡丹（武夷岩茶）','146','1','1',8,'积分','2022-05-15 22:18','九狐123','13144274876','广州市白云区测试地址2'),(347,'20220504180742749323','月度大会员','25','1','2',8,'会员','2022-05-15 22:18','九狐123','13144274876','广州市白云区测试地址2'),(348,'20220504224435441832','月度大会员','25','1','2',2,'会员','2022-05-15 22:18','九狐123','13144274876','广州市白云区测试地址2'),(349,'20220505160519945282','年度大会员','216','1','3',28,'会员','2022-05-15 22:18','九狐123','13144274876','广州市白云区测试地址2'),(350,'20220507180519349524','绿茶-无瑕黄金芽礼盒,2016白毫银针巧克力茶砖,林沧淇白水兰香铁观音','592','2,1,1','1',8,'电子货币','2022-05-15 22:18','九狐123','13144274876','广州市白云区测试地址2'),(351,'20220507180613169042','黄山太平猴魁绿茶1号','99','1','2',28,'电子货币','2022-05-15 22:18','九狐123','13144274876','广州市白云区测试地址2'),(352,'20220508004540767789','月度大会员','25','1','3',8,'会员','2022-05-15 22:18','九狐123','13144274876','广州市白云区测试地址2'),(353,'20220508004721386511','月度大会员','25','1','3',8,'会员','2022-05-15 22:18','九狐123','13144274876','广州市白云区测试地址2'),(354,'20220508013224708813','月度大会员','25','1','3',13,'会员','2022-05-15 22:18','九狐123','13144274876','广州市白云区测试地址2'),(355,'20220508133239672117','年度大会员','216','1','3',8,'会员','2022-05-15 22:18','九狐123','13144274876','广州市白云区测试地址2'),(356,'20220508144957522310','绿茶-无瑕黄金芽礼盒,2016白毫银针巧克力茶砖,林沧淇白水兰香铁观音','592','2,1,1','2',8,'电子货币','2022-05-15 22:18','九狐123','13144274876','广州市白云区测试地址2'),(357,'20220508183953398196','林沧淇白水兰香铁观音','118','1','1',8,'电子货币','2022-05-15 22:18','九狐123','13144274876','广州市白云区测试地址2'),(358,'20220508184036179119','笔花堂桐木关金骏眉','794','1','1',8,'电子货币','2022-05-15 22:18','九狐123','13144274876','广州市白云区测试地址2'),(359,'20220508184048119954','浅尝-金牡丹（武夷岩茶）','146','1','1',8,'积分','2022-05-15 22:18','九狐123','13144274876','广州市白云区测试地址2'),(360,'2022050818414610658','黑金茶具套装','458','1','1',7,'电子货币','2022-05-15 22:18','九狐123','13144274876','广州市白云区测试地址2'),(361,'20220508184236767812','黑金茶具套装','458','1','1',7,'电子货币','2022-05-15 22:18','九狐123','13144274876','广州市白云区测试地址2'),(362,'20220508184339563517','黑金茶具套装','458','1','1',7,'电子货币','2022-05-15 22:18','九狐123','13144274876','广州市白云区测试地址2'),(363,'20220508184440116195','黑金茶具套装','458','1','1',7,'电子货币','2022-05-15 22:18','九狐123','13144274876','广州市白云区测试地址2'),(364,'20220508184603515656','黑金茶具套装','458','1','1',7,'电子货币','2022-05-15 22:18','九狐123','13144274876','广州市白云区测试地址2'),(365,'20220508184620931727','绿茶-无瑕黄金芽礼盒,2016白毫银针巧克力茶砖,林沧淇白水兰香铁观音','592','2,1,1','3',8,'电子货币','2022-05-15 22:18','九狐123','13144274876','广州市白云区测试地址2'),(366,'20220508184630987101','2018年花香贡眉白龙珠','128','1','1',8,'电子货币','2022-05-15 22:18','九狐123','13144274876','广州市白云区测试地址2'),(367,'20220508184700457859','2018年花香贡眉白龙珠','128','1','1',8,'电子货币','2022-05-15 22:18','九狐123','13144274876','广州市白云区测试地址2'),(368,'20220508184719443347','传统工艺茉莉花茶-春毫','68','1','1',7,'电子货币','2022-05-15 22:18','九狐123','13144274876','广州市白云区测试地址2'),(369,'20220508184723916244','黑金茶具套装','458','1','1',7,'电子货币','2022-05-15 22:18','九狐123','13144274876','广州市白云区测试地址2'),(370,'20220508184751192786','2018年花香贡眉白龙珠','128','1','0',2,'电子货币','2022-05-15 22:18','九狐123','13144274876','广州市白云区测试地址2'),(371,'20220508184758631278','2018年花香贡眉白龙珠','128','1','0',2,'电子货币','2022-05-15 22:18','九狐123','13144274876','广州市白云区测试地址2'),(372,'20220508184817917108','黄山太平猴魁绿茶1号','99','1','1',28,'电子货币','2022-05-15 22:18','九狐123','13144274876','广州市白云区测试地址2'),(373,'20220508184824874451','竹制茶勺','15','1','1',28,'电子货币','2022-05-15 22:18','九狐123','13144274876','广州市白云区测试地址2'),(374,'20220508184844929519','2016白毫银针巧克力茶砖','98','1','1',29,'电子货币','2022-05-15 22:18','九狐123','13144274876','广州市白云区测试地址2'),(375,'20220508184850500447','2016白毫银针巧克力茶砖','98','1','1',29,'电子货币','2022-05-15 22:18','九狐123','13144274876','广州市白云区测试地址2'),(376,'20220508204637248515','2016南糯山古树普洱生茶','980','1','2',31,'积分','2022-05-15 22:18','九狐123','13144274876','广州市白云区测试地址2'),(377,'20220508204757351610','2016南糯山古树普洱生茶','980','1','3',31,'积分','2022-05-15 22:18','九狐123','13144274876','广州市白云区测试地址2'),(378,'20220508204811506199','充值￥100 赠送 10积分','100','1','2',31,'充值','2022-05-15 22:18','九狐123','13144274876','广州市白云区测试地址2'),(379,'20220508204857915621','年度大会员','216','1','3',31,'会员','2022-05-15 22:18','九狐123','13144274876','广州市白云区测试地址2'),(380,'20220508205041242858','高山流水陶瓷旅行茶具','168','1','1',31,'电子货币','2022-05-15 22:18','九狐123','13144274876','广州市白云区测试地址2'),(381,'20220508210045672910','月度大会员','25','1','2',31,'会员','2022-05-15 22:18','九狐123','13144274876','广州市白云区测试地址2'),(382,'20220515221634646440','绿茶-无瑕黄金芽礼盒','376','2','3',8,'电子货币','2022-05-15 22:18','九狐123','13144274876','广州市白云区测试地址2'),(383,'20220515221813483039','林沧淇白水兰香铁观音','118','1','6',8,'电子货币','2022-05-15 22:18','九狐123','13144274876','广州市白云区测试地址2'),(384,'20220524215100606538','2016白毫银针巧克力茶砖','98','1','1',8,'电子货币','2022-05-24 21:51','九狐123','13144274876','广州市白云区测试地址2'),(385,'2022052422041974843','浅尝-白牡丹','6.6','1','1',8,'电子货币','2022-05-24 22:04','九狐123','13144274876','广州市白云区测试地址2'),(386,'20220524225444514720','2016白毫银针巧克力茶砖','98','1','1',8,'电子货币','2022-05-24 22:54','九狐123','13144274876','广州市白云区测试地址2'),(387,'20220524234551272471','2016白毫银针巧克力茶砖','98','1','1',8,'电子货币','2022-05-24 23:45','九狐123','13144274876','广州市白云区测试地址2'),(388,'2022052922165842554','2016白毫银针巧克力茶砖','98','1','1',8,'电子货币','2022-05-29 22:16','九狐123','13144274876','广州市白云区测试地址2'),(389,'20220607210558272442','2016白毫银针巧克力茶砖','98','1','1',8,'电子货币','2022-06-07 21:05','九狐123','13144274876','广州市白云区测试地址2'),(390,'20220607213922396291','2016白毫银针巧克力茶砖','98','1','1',8,'电子货币','2022-06-07 21:39','九狐123','13144274876','广州市白云区测试地址2'),(391,'20220608195332455278','2016白毫银针巧克力茶砖','98','1','1',8,'电子货币','2022-06-08 19:53','九狐123','13144274876','广州市白云区测试地址2'),(392,'20220621161620218862','2016白毫银针巧克力茶砖','98','1','1',8,'电子货币','2022-06-21 16:16','九狐123','13144274876','广州市白云区测试地址2'),(393,'20220707161930481792','2016白毫银针巧克力茶砖','98','1','1',8,'电子货币','2022-07-07 16:19','测试地址1','13144274876','广州市白云区测试地址2'),(394,'20220707163336927275','2016白毫银针巧克力茶砖','98','1','1',8,'电子货币','2022-07-07 16:33','测试地址1','13144274876','广州市白云区测试地址2'),(395,'2022070718171152664','月度大会员','25','1','3',8,'会员','2022-07-07 18:17','','',''),(396,'20220707183621130459','月度大会员','25','1','3',33,'会员','2022-07-07 18:36','','',''),(397,'20220707184342240020','季度大会员','60','1','3',33,'会员','2022-07-07 18:43','','',''),(398,'20220707202047515788','2016白毫银针巧克力茶砖','98','1','1',8,'电子货币','2022-07-07 20:20','测试地址1','13144274876','广州市白云区测试地址2'),(399,'20220708163902361372','2016白毫银针巧克力茶砖','98','1','1',8,'电子货币','2022-07-08 16:39','测试地址1','13144274876','广州市白云区测试地址2'),(400,'20220709232744881384','2016白毫银针巧克力茶砖','98','1','1',8,'电子货币','2022-07-09 23:27','测试地址1','13144274876','广州市白云区测试地址2');

/*Table structure for table `tb_coupon` */

DROP TABLE IF EXISTS `tb_coupon`;

CREATE TABLE `tb_coupon` (
  `id` int(11) NOT NULL AUTO_INCREMENT,
  `uid` int(11) NOT NULL COMMENT '用户ID',
  `coupon_id` int(11) NOT NULL COMMENT '对应的优惠券ID',
  `startAt` varchar(255) NOT NULL COMMENT '生效时间',
  `endAt` varchar(255) NOT NULL COMMENT '失效时间',
  `isUse` varchar(255) NOT NULL COMMENT '是否使用，1使用，0未使用，2过期',
  PRIMARY KEY (`id`)
) ENGINE=InnoDB AUTO_INCREMENT=4 DEFAULT CHARSET=utf8mb4;

/*Data for the table `tb_coupon` */

insert  into `tb_coupon`(`id`,`uid`,`coupon_id`,`startAt`,`endAt`,`isUse`) values (1,8,1,'1657375544511','1657461944511','1'),(2,8,2,'1657375799018','1657462199018','0'),(3,8,3,'1657384156010','1657470556010','2');

/*Table structure for table `use_cdk` */

DROP TABLE IF EXISTS `use_cdk`;

CREATE TABLE `use_cdk` (
  `id` int(11) NOT NULL AUTO_INCREMENT,
  `uid` int(11) NOT NULL,
  `cdkey` varchar(255) NOT NULL,
  PRIMARY KEY (`id`)
) ENGINE=InnoDB AUTO_INCREMENT=66 DEFAULT CHARSET=utf8mb4;

/*Data for the table `use_cdk` */

insert  into `use_cdk`(`id`,`uid`,`cdkey`) values (1,7,'JIUHU'),(2,13,'JIUHU'),(3,13,'JIUHU2022'),(4,7,'JIUHU2022'),(5,7,'CESHI01'),(49,7,'CESHI04'),(52,7,'CESHI03'),(53,2,'CESHI03'),(54,2,'JIUHU2022'),(55,4,'JIUHU2022'),(56,4,'JIUHU'),(57,6,'JIUHU'),(58,28,'JIUHU'),(59,28,'JIUHU2022'),(60,29,'JIUHU'),(61,30,'JIUHU'),(62,16,'JIUHU2022'),(63,8,'JINGDUZHIZHU666'),(64,31,'JIUHU'),(65,31,'JIUHU2022');

/*Table structure for table `user` */

DROP TABLE IF EXISTS `user`;

CREATE TABLE `user` (
  `id` int(11) NOT NULL AUTO_INCREMENT,
  `tel` varchar(50) NOT NULL,
  `pwd` varchar(200) NOT NULL,
  `imgUrl` varchar(200) NOT NULL,
  `nickName` varchar(255) NOT NULL,
  `token` varchar(255) NOT NULL,
  `member` varchar(255) NOT NULL,
  `borderImg` varchar(255) NOT NULL,
  `hasBorder` varchar(255) NOT NULL,
  PRIMARY KEY (`id`)
) ENGINE=InnoDB AUTO_INCREMENT=34 DEFAULT CHARSET=utf8mb4;

/*Data for the table `user` */

insert  into `user`(`id`,`tel`,`pwd`,`imgUrl`,`nickName`,`token`,`member`,`borderImg`,`hasBorder`) values (2,'12345678901','888888','/images/headerImg/header.jpeg','张三','eyJhbGciOiJIUzI1NiIsInR5cCI6IkpXVCJ9.eyJ0ZWwiOiIxMjM0NTY3ODkwMSIsImlhdCI6MTY0ODY0ODgyMywiZXhwIjoxNjQ4NjQ4ODgzfQ.VsUF8J4_kG_HmspcYEn7furs_UEtYbBLmnVQRedSoiw','1','/images/headerBorder/border15.png','1,6,15'),(4,'13144112259','999999','/images/headerImg/header.jpeg','王五','eyJhbGciOiJIUzI1NiIsInR5cCI6IkpXVCJ9.eyJ0ZWwiOiIxMzE0NDExMjI1OSIsImlhdCI6MTY1MDE3Nzc1OSwiZXhwIjoxNjUwMTc3ODE5fQ.rVsCDs55PQFwfqnMGLm0_9OO5UyYcFOQceYqxwTLkSM','2','/images/headerBorder/border15.png','1,15,16'),(6,'13144274877','666666','/images/headerImg/header.jpeg','孙七','eyJhbGciOiJIUzI1NiIsInR5cCI6IkpXVCJ9.eyJ0ZWwiOiIxMzE0NDI3NDg3NyIsImlhdCI6MTY0NjAzNTUzMn0.SBcn8kcsSfJQIZD7aDNnpgCsaN29ht6AcEJHTsdcCrI','0','/images/headerBorder/border1.png','1,16'),(7,'12345678999','666666','/images/headerImg/古古怪怪古古怪怪-1649144848565.png','古古怪怪古古怪怪','eyJhbGciOiJIUzI1NiIsInR5cCI6IkpXVCJ9.eyJ0ZWwiOiIxMjM0NTY3ODk5OSIsImlhdCI6MTY0ODUyMzkxNSwiZXhwIjoxNjQ4NTIzOTc1fQ.b2g3LRldXaOVHhW3w555CCUpZ2_i4BLcDcQ6caXUMAs','2','/images/headerBorder/vip2.png','1,16,15,23'),(8,'13144274876','123456','/images/headerImg/九狐子-1653490779184.jpg','九狐子','eyJhbGciOiJIUzI1NiIsInR5cCI6IkpXVCJ9.eyJ0ZWwiOiIxMzE0NDI3NDg3NiIsImlhdCI6MTY1NzAxMjUzNiwiZXhwIjoxNjU3MDEyNTk2fQ.IP52EF7BZnFHNY03QHUbCts7Y9yrhtKVhvJs-32zAF8','4','/images/headerBorder/jdzz.png','1,2,3,4,5,6,7,8,9,10,11,12,13,14,15,16,17,18,19,20,21,22,23,24,25'),(9,'17166589988','666666','/images/headerImg/测试用户_3-1648652168799.jpg','测试用户_3','eyJhbGciOiJIUzI1NiIsInR5cCI6IkpXVCJ9.eyJ0ZWwiOiIxNzE2NjU4OTk4OCIsImlhdCI6MTY0ODI3NDQxNiwiZXhwIjoxNjQ4Mjc0NDc2fQ.I8b6vROmSwTo-A_OB1Xf-rvJFUNMaMUB6D4uYVTraGg','0','/images/headerBorder/border1.png','1'),(10,'14725836911','666666','/images/headerImg/header.jpeg','14725836911','eyJhbGciOiJIUzI1NiIsInR5cCI6IkpXVCJ9.eyJ0ZWwiOiIxNDcyNTgzNjkxMSIsImlhdCI6MTY0NzkyNTk5NSwiZXhwIjoxNjQ4MDEyMzk1fQ.A4Cf55bcpCUZqE_rC7S7_mTeEBWupaq1r2YfMQwE-FE','0','/images/headerBorder/border1.png','1'),(11,'13692509750','666666','/images/headerImg/header.jpeg','测试用户_2','eyJhbGciOiJIUzI1NiIsInR5cCI6IkpXVCJ9.eyJ0ZWwiOiIxMzY5MjUwOTc1MCIsImlhdCI6MTY0ODYxNDE0MCwiZXhwIjoxNjQ4NzAwNTQwfQ.tRXN2IQUzSoq6UcVZ0u2GF5tRK1tnSpFfYNrNyztcj8','0','/images/headerBorder/border1.png','1'),(12,'13692509758','666666','/images/headerImg/header.jpeg','哥','eyJhbGciOiJIUzI1NiIsInR5cCI6IkpXVCJ9.eyJ0ZWwiOiIxMzY5MjUwOTc1OCIsImlhdCI6MTY0ODYxNjQyMywiZXhwIjoxNjQ4NzAyODIzfQ.YyNgS2AOixPojJVm9D3Zo2d-ZY1Cvs_JQl_IXqljRU8','0','/images/headerBorder/border1.png','1'),(13,'15017266946','666666','/images/headerImg/15017266946-1648832088919.jpg','15017266946','eyJhbGciOiJIUzI1NiIsInR5cCI6IkpXVCJ9.eyJ0ZWwiOiIxNTAxNzI2Njk0NiIsImlhdCI6MTY0OTQ5NTU5NywiZXhwIjoxNjQ5NDk1NjU3fQ.0bP_ekABzjbU3Hm8PBfUVrFt25Gi6v5FO2Fyrgdbbs8','1','/images/headerBorder/vip1.png','1,16,15,22'),(14,'14725836900','666666','/images/headerImg/header.jpeg','14725836900','eyJhbGciOiJIUzI1NiIsInR5cCI6IkpXVCJ9.eyJ0ZWwiOiIxNDcyNTgzNjkwMCIsImlhdCI6MTY0ODY0OTIxMiwiZXhwIjoxNjQ4NzM1NjEyfQ.FkAkPReBaYDtwYJLADv467Bd-IhckjVvNp8HZrdBkPI','0','/images/headerBorder/border1.png','1'),(15,'12312312312','666666','/images/headerImg/header.jpeg','~！@#SAD{','eyJhbGciOiJIUzI1NiIsInR5cCI6IkpXVCJ9.eyJ0ZWwiOiIxMjMxMjMxMjMxMiIsImlhdCI6MTY0ODcyNjc4MiwiZXhwIjoxNjQ4ODEzMTgyfQ.Yn7K1stF7LLZ6adtCOeE4CgvSCmUFN5hqLi_HQOwcco','0','/images/headerBorder/border1.png','1'),(16,'12121212121','666666','/images/headerImg/12121212121-1648832279020.png','12121212121','eyJhbGciOiJIUzI1NiIsInR5cCI6IkpXVCJ9.eyJ0ZWwiOiIxMjEyMTIxMjEyMSIsImlhdCI6MTY0ODgzMTgyNiwiZXhwIjoxNjQ4OTE4MjI2fQ.7regjJzUDrpRnNR-ybU353x0tlWxTGbDgZb4-RpE0tI','0','/images/headerBorder/border1.png','1'),(17,'13313313133','666666','/images/headerImg/13313313133-1648832254687.png','13313313133','eyJhbGciOiJIUzI1NiIsInR5cCI6IkpXVCJ9.eyJ0ZWwiOiIxMzMxMzMxMzEzMyIsImlhdCI6MTY0ODgzMjE5OCwiZXhwIjoxNjQ4OTE4NTk4fQ.QPT3acmwcO76V9L9j4-QMBAH4h1vs-nBjnvWxkUKE8g','0','/images/headerBorder/border1.png','1'),(18,'17417896969','666666','/images/headerImg/header.jpeg','17417896969','eyJhbGciOiJIUzI1NiIsInR5cCI6IkpXVCJ9.eyJ0ZWwiOiIxNzQxNzg5Njk2OSIsImlhdCI6MTY0ODg4ODg5NSwiZXhwIjoxNjQ4OTc1Mjk1fQ.sxXhIBTdo07bQMKhIf3mrZGplhnUn-L0kCqCzMv3Wdc','0','/images/headerBorder/border1.png','1'),(19,'15935785283','123456789','/images/headerImg/header.jpeg','15935785283','eyJhbGciOiJIUzI1NiIsInR5cCI6IkpXVCJ9.eyJ0ZWwiOiIxNTkzNTc4NTI4MyIsImlhdCI6MTY0ODg4OTE5MiwiZXhwIjoxNjQ4OTc1NTkyfQ.UoT-bkZS_wF8sYq-OSZCRXE-QpWw30ZkZAGiIsko3Cc','0','/images/headerBorder/border1.png','1'),(20,'14789632508','123456','/images/headerImg/header.jpeg','14789632508','eyJhbGciOiJIUzI1NiIsInR5cCI6IkpXVCJ9.eyJ0ZWwiOiIxNDc4OTYzMjUwOCIsImlhdCI6MTY0ODg4OTMyOSwiZXhwIjoxNjQ4OTc1NzI5fQ.gNwFNngwIjom8yCswpT6JguU7TymrTcxzw_nHJclvas','0','/images/headerBorder/border1.png','1'),(21,'12395467888','111111','/images/headerImg/header.jpeg','12395467888','eyJhbGciOiJIUzI1NiIsInR5cCI6IkpXVCJ9.eyJ0ZWwiOiIxMjM5NTQ2Nzg4OCIsImlhdCI6MTY0ODg4OTM3MSwiZXhwIjoxNjQ4OTc1NzcxfQ.Zev-dgJ8OWBs74u38NxjfMsxf54vCOshdgR5Ll43Zz0','0','/images/headerBorder/border1.png','1'),(22,'14725809636','111111','/images/headerImg/header.jpeg','14725809636','eyJhbGciOiJIUzI1NiIsInR5cCI6IkpXVCJ9.eyJ0ZWwiOiIxNDcyNTgwOTYzNiIsImlhdCI6MTY0ODg4OTQwNiwiZXhwIjoxNjQ4OTc1ODA2fQ.V-_gazuSW-SicKenmmVQp9b9XOXT-um4FyHWhsb5_j0','0','/images/headerBorder/border1.png','1'),(23,'13611213587','884855','/images/headerImg/header.jpeg','13611213587','eyJhbGciOiJIUzI1NiIsInR5cCI6IkpXVCJ9.eyJ0ZWwiOiIxMzYxMTIxMzU4NyIsImlhdCI6MTY0ODg4OTU3MCwiZXhwIjoxNjQ4ODg5NjMwfQ.W1_xYUeiU65ne0EOEhzS1sEpvYZYud_BiCx_6sc--_4','0','/images/headerBorder/border1.png','1'),(24,'13131313131','884856','/images/headerImg/header.jpeg','13131313131','eyJhbGciOiJIUzI1NiIsInR5cCI6IkpXVCJ9.eyJ0ZWwiOiIxMzEzMTMxMzEzMSIsImlhdCI6MTY0ODg4OTcwMSwiZXhwIjoxNjQ4ODg5NzYxfQ.XnWtbirmGJ3Xai70jNeuvtLbOzdZU5yPw0U522l10nM','0','/images/headerBorder/border1.png','1'),(25,'12345678977','123456','/images/headerImg/header.jpeg','12345678977','eyJhbGciOiJIUzI1NiIsInR5cCI6IkpXVCJ9.eyJ0ZWwiOiIxMjM0NTY3ODk3NyIsImlhdCI6MTY0ODg4OTc4OCwiZXhwIjoxNjQ4ODg5ODQ4fQ.MG7EXIc64dwzLFYkXnnOYr7DRCsa_BtknqdTRCc1g04','0','/images/headerBorder/border1.png','1'),(26,'12252476588','123456','/images/headerImg/header.jpeg','12252476588','eyJhbGciOiJIUzI1NiIsInR5cCI6IkpXVCJ9.eyJ0ZWwiOiIxMjI1MjQ3NjU4OCIsImlhdCI6MTY0ODg4OTgzMSwiZXhwIjoxNjQ4ODg5ODkxfQ.ZjztyStMJI0Obk2yRDRpj4QE_3hVxRj421QcfJ6H9Ho','0','/images/headerBorder/border1.png','1'),(27,'12112365877','666666','/images/headerImg/header.jpeg','12112365877','eyJhbGciOiJIUzI1NiIsInR5cCI6IkpXVCJ9.eyJ0ZWwiOiIxMjExMjM2NTg3NyIsImlhdCI6MTY0OTI1NTY0NywiZXhwIjoxNjQ5MzQyMDQ3fQ.8_fLD55AC4stGmR_MK3GGUEvmrDv-nJiBLb7ruVUh_s','0','/images/headerBorder/border1.png','1'),(28,'12345678900','666666','/images/headerImg/header.jpeg','12345678900','eyJhbGciOiJIUzI1NiIsInR5cCI6IkpXVCJ9.eyJ0ZWwiOiIxMjM0NTY3ODkwMCIsImlhdCI6MTY0OTI1NTcwNywiZXhwIjoxNjQ5MzQyMTA3fQ.ji_9oF5MQk4Jr1zOSGw14GGbdlBjnAxztZcHCTpCjPU','3','/images/headerBorder/border1.png','1,15'),(29,'12222222222','666666','/images/headerImg/header.jpeg','12222222222','eyJhbGciOiJIUzI1NiIsInR5cCI6IkpXVCJ9.eyJ0ZWwiOiIxMjIyMjIyMjIyMiIsImlhdCI6MTY1MTc0MDcyNCwiZXhwIjoxNjUxNzQwNzg0fQ.dB-Xs6eVLJ18KRG5taH1fES9DCuHI9OHstIVb-_dL8s','0','/images/headerBorder/border16.png','0,16'),(30,'13643071763','666666','/images/headerImg/header.jpeg','11111111','eyJhbGciOiJIUzI1NiIsInR5cCI6IkpXVCJ9.eyJ0ZWwiOiIxMzY0MzA3MTc2MyIsImlhdCI6MTY1MDg4Nzc3MywiZXhwIjoxNjUwOTc0MTczfQ.J10wPg7j8CAeEWgJa2n9F7gio2nIn1-YqSHcWKE5kek','0','/images/headerBorder/border16.png','0,16'),(31,'13232170209','666666','/images/headerImg/13232170209-1652013881455.jpg','13232170209','eyJhbGciOiJIUzI1NiIsInR5cCI6IkpXVCJ9.eyJ0ZWwiOiIxMzIzMjE3MDIwOSIsImlhdCI6MTY1MjAxMzg2MiwiZXhwIjoxNjUyMTAwMjYyfQ.pCyil39Gs5lvUMwywbE-sZNLFNqedreEu2UpeoVr-qs','3','/images/headerBorder/vip3.png','0,16,15,24'),(32,'12312312123','123456','/images/headerImg/header.jpeg','12312312123','eyJhbGciOiJIUzI1NiIsInR5cCI6IkpXVCJ9.eyJ0ZWwiOiIxMjMxMjMxMjEyMyIsImlhdCI6MTY1NDI2MDY1NywiZXhwIjoxNjU0MjYwNzE3fQ.Jc6nX1vaDU2OM_zK2PIq2W3eENs9pVRlTzMOlqC7QrY','0','/images/headerBorder/border1.png','0'),(33,'13413428714','666666','/images/headerImg/header.jpeg','13413428714','eyJhbGciOiJIUzI1NiIsInR5cCI6IkpXVCJ9.eyJ0ZWwiOiIxMzQxMzQyODcxNCIsImlhdCI6MTY1NzE5MDE3NSwiZXhwIjoxNjU3Mjc2NTc1fQ.1S70ye1a-CIPxuLIDcCqtiiEFtEqtTNSKNjdvJ02OS8','2','/images/headerBorder/vip1.png','0,22,23');

/*Table structure for table `vip_list` */

DROP TABLE IF EXISTS `vip_list`;

CREATE TABLE `vip_list` (
  `id` int(11) NOT NULL AUTO_INCREMENT,
  `uid` int(11) NOT NULL,
  `overtime` varchar(255) NOT NULL COMMENT '过期时间',
  PRIMARY KEY (`id`)
) ENGINE=InnoDB AUTO_INCREMENT=16 DEFAULT CHARSET=utf8mb4;

/*Data for the table `vip_list` */

insert  into `vip_list`(`id`,`uid`,`overtime`) values (4,8,'2124-8-4 16:18'),(5,7,'2022-9-4 14:6'),(6,13,'2022-7-4 14:11'),(7,2,'2022-6-4 14:13'),(8,4,'2022-9-4 14:15'),(9,6,'2022-3-4 14:49'),(10,9,'2022-6-4 14:56'),(13,28,'2024-5-4 15:22'),(14,31,'2023-5-8 20:49'),(15,33,'2022-11-7 18:37');

/*Table structure for table `wallet` */

DROP TABLE IF EXISTS `wallet`;

CREATE TABLE `wallet` (
  `id` int(11) NOT NULL AUTO_INCREMENT,
  `uid` int(11) NOT NULL,
  `total_money` varchar(200) NOT NULL COMMENT '总资产',
  `Total_top_up` varchar(200) NOT NULL COMMENT '总充值金额',
  `total_consumption` varchar(200) NOT NULL COMMENT '总消费金额',
  `integral` varchar(255) NOT NULL COMMENT '积分',
  PRIMARY KEY (`id`)
) ENGINE=InnoDB AUTO_INCREMENT=26 DEFAULT CHARSET=utf8mb4;

/*Data for the table `wallet` */

insert  into `wallet`(`id`,`uid`,`total_money`,`Total_top_up`,`total_consumption`,`integral`) values (1,8,'3520','3520','0','123'),(2,7,'200','200','0','128'),(3,11,'0','0','0','3'),(4,12,'0','0','0','0'),(5,2,'0','0','0','23'),(6,13,'1000','1000','0','117'),(8,4,'0','0','0','13'),(9,14,'0','0','0','0'),(10,9,'0','0','0','0'),(11,15,'0','0','0','0'),(12,16,'0','0','0','0'),(13,17,'0','0','0','0'),(14,18,'0','0','0','6'),(15,26,'0','0','0','0'),(16,27,'0','0','0','0'),(17,28,'0','0','0','9'),(18,6,'0','0','0','10'),(19,29,'0','0','0','13'),(20,30,'0','0','0','13'),(21,1,'0','0','0','0'),(22,31,'0','0','0','9999019'),(23,21,'0','0','0','3'),(24,32,'0','0','0','0'),(25,33,'0','0','0','0');

/*!40101 SET SQL_MODE=@OLD_SQL_MODE */;
/*!40014 SET FOREIGN_KEY_CHECKS=@OLD_FOREIGN_KEY_CHECKS */;
/*!40014 SET UNIQUE_CHECKS=@OLD_UNIQUE_CHECKS */;
/*!40111 SET SQL_NOTES=@OLD_SQL_NOTES */;
